close,high,low,open,timestamp,volume,symbol,date_key_int,time_key
10.98,11.02,10.34,10.42,1514851200,44146332,AMD,20180101,19:00:00
11.55,12.14,11.36,11.61,1514937600,154066661,AMD,20180102,19:00:00
12.12,12.43,11.97,12.095,1515024000,109502970,AMD,20180103,19:00:00
11.88,12.22,11.66,12.19,1515110400,63808946,AMD,20180104,19:00:00
12.28,12.3,11.85,12.01,1515369600,63346034,AMD,20180107,19:00:00
11.82,12.02,11.71,12.0,1515456000,62560940,AMD,20180108,19:00:00
11.96,12.15,11.56,11.63,1515542400,52561170,AMD,20180109,19:00:00
12.14,12.19,11.9001,12.07,1515628800,38354916,AMD,20180110,19:00:00
12.02,12.07,11.8,11.82,1515715200,47149344,AMD,20180111,19:00:00
11.91,12.2,11.8,12.05,1516060800,42686623,AMD,20180115,19:00:00
12.18,12.19,11.82,11.9,1516147200,39020825,AMD,20180116,19:00:00
12.47,12.68,12.15,12.18,1516233600,62086151,AMD,20180117,19:00:00
12.59,12.88,12.54,12.56,1516320000,46800669,AMD,20180118,19:00:00
12.65,12.74,12.37,12.61,1516579200,34758615,AMD,20180121,19:00:00
12.94,12.995,12.76,12.82,1516665600,46417226,AMD,20180122,19:00:00
12.71,13.05,12.6,13.02,1516752000,41956439,AMD,20180123,19:00:00
12.41,12.94,12.32,12.78,1516838400,42966567,AMD,20180124,19:00:00
12.95,12.95,12.62,12.7,1516924800,44238971,AMD,20180125,19:00:00
13.32,13.47,13.05,13.13,1517184000,66645418,AMD,20180128,19:00:00
12.87,13.27,12.69,13.12,1517270400,91236383,AMD,20180129,19:00:00
13.74,13.85,13.15,13.24,1517356800,140977843,AMD,20180130,19:00:00
13.25,13.84,13.21,13.62,1517443200,67543333,AMD,20180131,19:00:00
12.45,13.06,12.43,13.05,1517529600,79432558,AMD,20180201,19:00:00
11.57,12.18,10.93,12.05,1517788800,116568862,AMD,20180204,19:00:00
11.65,11.74,11.0,11.04,1517875200,87123202,AMD,20180205,19:00:00
11.6,11.9,11.53,11.7,1517961600,55758364,AMD,20180206,19:00:00
11.22,11.85,11.21,11.72,1518048000,56471761,AMD,20180207,19:00:00
11.31,11.57,10.63,11.54,1518134400,85458235,AMD,20180208,19:00:00
11.68,11.8,11.43,11.47,1518393600,63160875,AMD,20180211,19:00:00
11.78,11.82,11.53,11.6,1518480000,33661383,AMD,20180212,19:00:00
12.2,12.31,11.63,11.72,1518566400,51756817,AMD,20180213,19:00:00
12.19,12.625,12.07,12.4,1518652800,59593761,AMD,20180214,19:00:00
11.82,12.225,11.82,12.11,1518739200,47332348,AMD,20180215,19:00:00
12.02,12.19,11.71,11.72,1519084800,47096492,AMD,20180219,19:00:00
11.72,12.12,11.72,12.12,1519171200,40195847,AMD,20180220,19:00:00
11.84,11.995,11.63,11.82,1519257600,37886263,AMD,20180221,19:00:00
12.07,12.16,11.94,11.95,1519344000,33317579,AMD,20180222,19:00:00
12.42,12.43,12.05,12.14,1519603200,42265208,AMD,20180225,19:00:00
12.53,12.88,12.39,12.43,1519689600,55975268,AMD,20180226,19:00:00
12.11,12.73,12.1,12.66,1519776000,43387460,AMD,20180227,19:00:00
11.9,12.27,11.66,12.26,1519862400,63207377,AMD,20180228,19:00:00
11.81,11.93,11.43,11.67,1519948800,58123518,AMD,20180301,19:00:00
11.91,12.055,11.61,11.69,1520208000,43734836,AMD,20180304,19:00:00
11.76,12.045,11.71,12.01,1520294400,46751179,AMD,20180305,19:00:00
12.24,12.82,11.55,11.58,1520380800,127603194,AMD,20180306,19:00:00
11.97,12.59,11.74,12.395,1520467200,76011217,AMD,20180307,19:00:00
11.7,12.0392,11.58,12.03,1520553600,89674365,AMD,20180308,19:00:00
11.52,11.82,11.48,11.76,1520812800,83748671,AMD,20180311,20:00:00
11.64,12.035,11.095,11.5,1520899200,174302560,AMD,20180312,20:00:00
11.36,11.72,11.26,11.7,1520985600,80540846,AMD,20180313,20:00:00
11.46,11.55,11.19,11.43,1521072000,66373911,AMD,20180314,20:00:00
11.47,11.55,11.32,11.49,1521158400,37590983,AMD,20180315,20:00:00
11.43,11.74,11.351,11.41,1521417600,53308617,AMD,20180318,20:00:00
11.11,11.52,11.0,11.41,1521504000,65116930,AMD,20180319,20:00:00
11.26,11.34,11.11,11.16,1521590400,44691711,AMD,20180320,20:00:00
10.91,11.26,10.85,11.1,1521676800,59944232,AMD,20180321,20:00:00
10.63,10.97,10.57,10.91,1521763200,54844461,AMD,20180322,20:00:00
10.44,10.8,10.18,10.71,1522022400,75878505,AMD,20180325,20:00:00
10.0,10.59,9.9,10.51,1522108800,68551265,AMD,20180326,20:00:00
9.81,10.1689,9.79,9.99,1522195200,64832148,AMD,20180327,20:00:00
10.05,10.08,9.81,9.94,1522281600,48681415,AMD,20180328,20:00:00
9.53,10.14,9.51,9.99,1522627200,64824596,AMD,20180401,20:00:00
9.55,9.77,9.3,9.63,1522713600,54891576,AMD,20180402,20:00:00
9.77,9.81,9.04,9.08,1522800000,67356888,AMD,20180403,20:00:00
10.02,10.2,9.91,10.05,1522886400,65758791,AMD,20180404,20:00:00
9.61,10.1,9.5,9.83,1522972800,51087146,AMD,20180405,20:00:00
9.53,9.84,9.52,9.75,1523232000,38382608,AMD,20180408,20:00:00
9.98,10.04,9.71,9.75,1523318400,43036502,AMD,20180409,20:00:00
9.82,10.03,9.79,9.87,1523404800,29169324,AMD,20180410,20:00:00
10.08,10.1,9.82,9.98,1523491200,47784419,AMD,20180411,20:00:00
9.93,10.22,9.88,10.2,1523577600,38935658,AMD,20180412,20:00:00
10.09,10.17,9.9,10.0,1523836800,28875069,AMD,20180415,20:00:00
10.52,10.53,10.2,10.28,1523923200,45360314,AMD,20180416,20:00:00
10.36,10.65,10.33,10.51,1524009600,42449590,AMD,20180417,20:00:00
10.11,10.3284,9.99,10.18,1524096000,57841640,AMD,20180418,20:00:00
9.99,10.14,9.95,10.05,1524182400,39011902,AMD,20180419,20:00:00
10.04,10.19,9.97,10.09,1524441600,42971272,AMD,20180422,20:00:00
10.09,10.35,9.95,10.19,1524528000,44992223,AMD,20180423,20:00:00
9.71,10.09,9.56,10.06,1524614400,90577981,AMD,20180424,20:00:00
11.04,11.19,10.61,10.87,1524700800,145284090,AMD,20180425,20:00:00
11.11,11.36,11.02,11.2,1524787200,74347782,AMD,20180426,20:00:00
10.88,11.14,10.87,11.055,1525046400,50608764,AMD,20180429,20:00:00
11.13,11.15,10.77,10.83,1525132800,43441602,AMD,20180430,20:00:00
10.97,11.155,10.97,11.1,1525219200,29267302,AMD,20180501,20:00:00
10.93,11.06,10.83,10.902,1525305600,33310596,AMD,20180502,20:00:00
11.28,11.29,10.8701,10.88,1525392000,47884940,AMD,20180503,20:00:00
11.59,11.68,11.3,11.32,1525651200,54001692,AMD,20180506,20:00:00
11.61,11.66,11.4,11.49,1525737600,35218414,AMD,20180507,20:00:00
11.95,11.98,11.57,11.65,1525824000,49605743,AMD,20180508,20:00:00
12.13,12.18,11.95,11.98,1525910400,49744484,AMD,20180509,20:00:00
11.95,12.03,11.69,11.89,1525996800,43863746,AMD,20180510,20:00:00
12.23,12.36,12.11,12.14,1526256000,50263792,AMD,20180513,20:00:00
12.45,12.46,12.16,12.18,1526342400,44183179,AMD,20180514,20:00:00
12.82,12.98,12.62,12.64,1526428800,73363996,AMD,20180515,20:00:00
12.82,12.9,12.66,12.79,1526515200,38692510,AMD,20180516,20:00:00
13.0,13.26,12.91,13.06,1526601600,54063411,AMD,20180517,20:00:00
12.99,13.31,12.88,13.25,1526860800,49714221,AMD,20180520,20:00:00
12.98,13.14,12.71,13.0,1526947200,43267033,AMD,20180521,20:00:00
13.1,13.18,12.9,12.93,1527033600,44517762,AMD,20180522,20:00:00
13.41,13.43,13.03,13.06,1527120000,47785726,AMD,20180523,20:00:00
13.54,13.72,13.36,13.4,1527206400,43850067,AMD,20180524,20:00:00
13.36,13.63,13.26,13.45,1527552000,39578498,AMD,20180528,20:00:00
13.82,13.95,13.48,13.48,1527638400,58186435,AMD,20180529,20:00:00
13.73,13.93,13.69,13.74,1527724800,46797677,AMD,20180530,20:00:00
14.4,14.4,13.92,13.98,1527811200,71677869,AMD,20180531,20:00:00
14.85,14.98,14.52,14.76,1528070400,74545986,AMD,20180603,20:00:00
14.85,14.9185,14.63,14.85,1528156800,56122654,AMD,20180604,20:00:00
15.67,15.74,15.04,15.07,1528243200,97089040,AMD,20180605,20:00:00
14.89,15.97,14.85,15.83,1528329600,99860297,AMD,20180606,20:00:00
15.25,15.33,14.31,14.52,1528416000,81930486,AMD,20180607,20:00:00
15.73,15.89,15.01,15.21,1528675200,80737640,AMD,20180610,20:00:00
15.85,15.95,15.43,15.84,1528761600,67002592,AMD,20180611,20:00:00
16.32,16.52,15.78,15.81,1528848000,90227322,AMD,20180612,20:00:00
16.25,16.79,15.58,16.62,1528934400,113048551,AMD,20180613,20:00:00
16.34,16.52,15.82,16.06,1529020800,77612174,AMD,20180614,20:00:00
17.11,17.34,16.13,16.18,1529280000,104317396,AMD,20180617,20:00:00
16.69,17.29,16.31,16.85,1529366400,92542859,AMD,20180618,20:00:00
16.52,17.13,16.37,16.83,1529452800,76280646,AMD,20180619,20:00:00
15.65,16.87,15.46,16.65,1529539200,95638369,AMD,20180620,20:00:00
15.8,15.91,15.56,15.78,1529625600,59257099,AMD,20180621,20:00:00
15.11,15.74,14.54,15.64,1529884800,94418420,AMD,20180624,20:00:00
15.5,15.6,15.1,15.32,1529971200,54213466,AMD,20180625,20:00:00
14.97,15.76,14.96,15.65,1530057600,56014335,AMD,20180626,20:00:00
15.31,15.36,14.75,14.85,1530144000,48716794,AMD,20180627,20:00:00
14.99,15.49,14.98,15.41,1530230400,41527791,AMD,20180628,20:00:00
15.16,15.18,14.74,14.8,1530489600,43398768,AMD,20180701,20:00:00
15.0,15.34,14.96,15.21,1530576000,32094031,AMD,20180702,20:00:00
15.5,15.5,15.02,15.13,1530748800,40703271,AMD,20180704,20:00:00
16.36,16.39,15.48,15.52,1530835200,65101672,AMD,20180705,20:00:00
16.61,16.84,16.17,16.73,1531094400,58525542,AMD,20180708,20:00:00
16.55,16.65,16.31,16.59,1531180800,37092975,AMD,20180709,20:00:00
16.27,16.53,16.02,16.15,1531267200,42544103,AMD,20180710,20:00:00
16.56,16.79,16.38,16.41,1531353600,44188137,AMD,20180711,20:00:00
16.27,16.69,16.22,16.68,1531440000,40698475,AMD,20180712,20:00:00
16.58,17.0,16.41,16.42,1531699200,65275291,AMD,20180715,20:00:00
16.87,16.88,16.48,16.5,1531785600,42313518,AMD,20180716,20:00:00
16.85,16.99,16.55,16.94,1531872000,40881493,AMD,20180717,20:00:00
16.71,16.88,16.55,16.71,1531958400,41267829,AMD,20180718,20:00:00
16.5,16.88,16.44,16.66,1532044800,42906009,AMD,20180719,20:00:00
16.66,16.68,15.895,16.47,1532304000,44940819,AMD,20180722,20:00:00
16.19,16.86,16.11,16.75,1532390400,58201458,AMD,20180723,20:00:00
16.05,16.39,15.72,16.3,1532476800,83639684,AMD,20180724,20:00:00
18.35,18.45,16.83,17.16,1532563200,192661124,AMD,20180725,20:00:00
18.94,19.88,18.31,19.07,1532649600,161903789,AMD,20180726,20:00:00
19.42,20.18,19.31,19.4,1532908800,160823407,AMD,20180729,20:00:00
18.33,19.5,18.27,19.35,1532995200,118403405,AMD,20180730,20:00:00
18.48,18.95,18.32,18.34,1533081600,75495240,AMD,20180731,20:00:00
18.79,18.83,18.0,18.17,1533168000,52867121,AMD,20180801,20:00:00
18.49,19.0566,18.37,18.94,1533254400,53232065,AMD,20180802,20:00:00
19.43,19.44,18.46,18.89,1533513600,83579668,AMD,20180805,20:00:00
19.56,19.71,19.08,19.53,1533600000,72822590,AMD,20180806,20:00:00
19.58,19.77,19.255,19.46,1533686400,52081364,AMD,20180807,20:00:00
19.1,19.71,19.08,19.58,1533772800,46653358,AMD,20180808,20:00:00
19.06,19.48,18.85,19.09,1533859200,65821056,AMD,20180809,20:00:00
19.73,19.93,19.12,19.16,1534118400,81411331,AMD,20180812,20:00:00
20.02,20.28,19.63,19.97,1534204800,89195509,AMD,20180813,20:00:00
19.7,20.1,19.2,19.86,1534291200,86355654,AMD,20180814,20:00:00
19.33,20.07,19.25,19.86,1534377600,69733708,AMD,20180815,20:00:00
19.77,19.82,18.73,19.12,1534464000,60616638,AMD,20180816,20:00:00
19.98,20.08,19.35,19.79,1534723200,62983236,AMD,20180819,20:00:00
20.4,20.415,19.86,19.98,1534809600,55628983,AMD,20180820,20:00:00
20.9,20.92,20.21,20.28,1534896000,62002721,AMD,20180821,20:00:00
22.29,22.32,21.14,21.19,1534982400,113444117,AMD,20180822,20:00:00
23.98,24.0,22.67,22.91,1535068800,164328182,AMD,20180823,20:00:00
25.26,27.3,24.6261,24.94,1535328000,325058416,AMD,20180826,20:00:00
25.05,26.18,24.04,25.51,1535414400,215771220,AMD,20180827,20:00:00
25.2,25.41,24.01,24.36,1535500800,143223187,AMD,20180828,20:00:00
24.89,25.67,24.76,25.29,1535587200,103607291,AMD,20180829,20:00:00
25.17,25.24,24.72,24.89,1535673600,65206352,AMD,20180830,20:00:00
28.06,28.11,25.5675,25.62,1536019200,192541253,AMD,20180903,20:00:00
28.51,29.94,26.84,29.41,1536105600,257349007,AMD,20180904,20:00:00
27.84,28.58,27.19,28.12,1536192000,143942935,AMD,20180905,20:00:00
27.38,28.27,26.8,26.96,1536278400,123348744,AMD,20180906,20:00:00
29.89,29.925,27.84,28.15,1536537600,162253798,AMD,20180909,20:00:00
30.1,30.59,29.37,30.02,1536624000,159902483,AMD,20180910,20:00:00
32.21,32.29,29.45,29.91,1536710400,197889598,AMD,20180911,20:00:00
30.48,34.14,29.87,33.16,1536796800,304147108,AMD,20180912,20:00:00
32.72,33.09,30.54,31.43,1536883200,217762820,AMD,20180913,20:00:00
32.43,33.23,31.6,31.75,1537142400,180410560,AMD,20180916,20:00:00
31.93,33.37,31.2,32.99,1537228800,176673169,AMD,20180917,20:00:00
31.21,31.83,30.51,31.52,1537315200,124287022,AMD,20180918,20:00:00
31.18,32.2,30.64,32.1,1537401600,123116549,AMD,20180919,20:00:00
31.02,32.42,30.91,31.19,1537488000,129792949,AMD,20180920,20:00:00
32.61,32.65,30.91,31.13,1537747200,118332614,AMD,20180923,20:00:00
32.57,33.6,32.19,33.18,1537833600,118570163,AMD,20180924,20:00:00
32.19,32.6,31.72,32.4,1537920000,79347320,AMD,20180925,20:00:00
32.59,32.63,31.39,31.86,1538006400,87934428,AMD,20180926,20:00:00
30.89,32.78,29.98,32.24,1538092800,165453485,AMD,20180927,20:00:00
31.42,31.91,30.25,30.69,1538352000,94742859,AMD,20180930,20:00:00
29.02,30.82,28.65,30.73,1538438400,145276455,AMD,20181001,20:00:00
28.43,29.22,26.54,29.035,1538524800,190137198,AMD,20181002,20:00:00
27.78,28.83,27.37,27.99,1538611200,95831156,AMD,20181003,20:00:00
27.35,28.47,26.93,28.07,1538697600,88008487,AMD,20181004,20:00:00
26.46,27.54,25.96,26.73,1538956800,103789499,AMD,20181007,20:00:00
27.24,27.71,26.0,26.15,1539043200,105461756,AMD,20181008,20:00:00
25.0,27.4,24.91,27.38,1539129600,147682923,AMD,20181009,20:00:00
25.3,26.2,24.55,24.74,1539216000,147013774,AMD,20181010,20:00:00
26.34,26.9697,25.67,26.77,1539302400,111059406,AMD,20181011,20:00:00
26.26,26.77,25.75,26.38,1539561600,70523486,AMD,20181014,20:00:00
28.18,28.23,26.17,26.63,1539648000,92528973,AMD,20181015,20:00:00
27.3,28.53,26.9199,28.41,1539734400,89466946,AMD,20181016,20:00:00
26.62,27.75,26.4,27.08,1539820800,79623723,AMD,20181017,20:00:00
23.66,27.1,23.6,27.03,1539907200,130799866,AMD,20181018,20:00:00
25.03,25.64,24.0901,24.46,1540166400,114158919,AMD,20181021,20:00:00
25.09,25.26,23.85,24.18,1540252800,101763018,AMD,20181022,20:00:00
22.79,25.1,22.75,25.04,1540339200,134489106,AMD,20181023,20:00:00
19.27,20.15,17.72,17.92,1540425600,189173672,AMD,20181024,20:00:00
17.63,18.78,17.05,18.49,1540512000,119688961,AMD,20181025,20:00:00
16.85,18.23,16.27,18.21,1540771200,94479590,AMD,20181028,20:00:00
17.2,17.24,16.17,16.38,1540857600,99049408,AMD,20181029,20:00:00
18.21,18.34,17.12,17.87,1540944000,110463663,AMD,20181030,20:00:00
20.22,20.33,18.08,18.41,1541030400,136896463,AMD,20181031,20:00:00
20.23,21.06,19.47,20.59,1541116800,123787953,AMD,20181101,20:00:00
19.9,20.18,18.88,20.12,1541376000,108016703,AMD,20181104,19:00:00
20.68,21.65,19.48,19.5,1541462400,144995728,AMD,20181105,19:00:00
21.84,22.2235,21.07,21.42,1541548800,121115776,AMD,20181106,19:00:00
21.2,22.08,20.97,21.77,1541635200,92387565,AMD,20181107,19:00:00
21.03,21.19,20.11,20.77,1541721600,85900699,AMD,20181108,19:00:00
19.03,20.85,18.8,20.68,1541980800,95948176,AMD,20181111,19:00:00
19.61,20.02,18.97,19.28,1542067200,76125994,AMD,20181112,19:00:00
20.81,21.11,19.7599,20.18,1542153600,106344252,AMD,20181113,19:00:00
21.49,21.77,20.42,20.72,1542240000,97715488,AMD,20181114,19:00:00
20.66,20.97,19.72,19.87,1542326400,112376589,AMD,20181115,19:00:00
19.11,20.59,19.09,20.4,1542585600,93578236,AMD,20181118,19:00:00
19.21,19.58,17.18,17.4,1542672000,109869425,AMD,20181119,19:00:00
18.73,20.31,18.5,20.05,1542758400,81585649,AMD,20181120,19:00:00
19.38,19.83,18.56,18.61,1542931200,54611295,AMD,20181122,19:00:00
20.08,20.19,19.1101,19.96,1543190400,83210988,AMD,20181125,19:00:00
21.05,21.45,19.73,19.77,1543276800,119230147,AMD,20181126,19:00:00
21.34,21.88,20.18,21.82,1543363200,134425292,AMD,20181127,19:00:00
21.43,21.61,20.73,21.19,1543449600,79853746,AMD,20181128,19:00:00
21.3,21.36,20.52,21.3,1543536000,82370737,AMD,20181129,19:00:00
23.71,23.75,22.37,22.48,1543795200,139605406,AMD,20181202,19:00:00
21.12,23.42,21.07,23.35,1543881600,127392924,AMD,20181203,19:00:00
21.3,21.41,20.06,20.22,1544054400,103434674,AMD,20181205,19:00:00
19.46,21.3799,19.17,21.3,1544140800,105764534,AMD,20181206,19:00:00
19.99,20.13,19.27,19.35,1544400000,77984520,AMD,20181209,19:00:00
19.98,21.14,19.69,20.71,1544486400,88027392,AMD,20181210,19:00:00
20.48,21.02,19.71,20.32,1544572800,100340657,AMD,20181211,19:00:00
19.86,20.865,19.76,20.63,1544659200,88108070,AMD,20181212,19:00:00
19.9,20.7,19.52,19.58,1544745600,84713551,AMD,20181213,19:00:00
18.83,20.025,18.635,20.01,1545004800,115437927,AMD,20181216,19:00:00
19.5,19.84,18.88,19.15,1545091200,101512938,AMD,20181217,19:00:00
18.16,19.72,18.0,19.44,1545177600,120644490,AMD,20181218,19:00:00
17.94,18.86,17.34,18.11,1545264000,119394487,AMD,20181219,19:00:00
16.93,18.34,16.76,18.12,1545350400,132245996,AMD,20181220,19:00:00
16.65,17.2199,16.37,16.52,1545609600,62933126,AMD,20181223,19:00:00
17.9,17.91,16.03,16.88,1545782400,108811809,AMD,20181225,19:00:00
17.49,17.74,16.44,17.43,1545868800,111373008,AMD,20181226,19:00:00
17.82,18.31,17.135,17.53,1545955200,109214352,AMD,20181227,19:00:00
18.46,18.5101,17.85,18.15,1546214400,84732181,AMD,20181230,19:00:00
18.83,19.0,17.98,18.01,1546387200,87148693,AMD,20190101,19:00:00
17.05,18.68,16.94,18.42,1546473600,117277563,AMD,20190102,19:00:00
19.0,19.07,17.43,17.55,1546560000,111878582,AMD,20190103,19:00:00
20.57,20.68,19.0,19.44,1546819200,107157014,AMD,20190106,19:00:00
20.75,21.2,19.68,21.19,1546905600,121270986,AMD,20190107,19:00:00
20.19,21.44,20.07,20.89,1546992000,163944073,AMD,20190108,19:00:00
19.74,19.8342,18.9,19.76,1547078400,115629372,AMD,20190109,19:00:00
20.27,20.35,19.19,19.47,1547164800,85110766,AMD,20190110,19:00:00
20.23,20.62,19.75,19.96,1547424000,71350248,AMD,20190113,19:00:00
20.38,20.68,20.26,20.44,1547510400,62785800,AMD,20190114,19:00:00
19.73,20.54,19.71,20.4,1547596800,70849266,AMD,20190115,19:00:00
20.25,20.51,19.02,19.49,1547683200,85018421,AMD,20190116,19:00:00
20.77,21.05,20.02,20.37,1547769600,88130950,AMD,20190117,19:00:00
19.76,20.9199,19.7,20.48,1548115200,78513667,AMD,20190121,19:00:00
19.8,20.48,19.55,20.03,1548201600,77811255,AMD,20190122,19:00:00
20.85,21.01,20.04,20.06,1548288000,97433423,AMD,20190123,19:00:00
21.93,22.03,20.79,20.99,1548374400,110555157,AMD,20190124,19:00:00
20.18,21.01,20.02,20.315,1548633600,135164064,AMD,20190127,19:00:00
19.25,20.39,19.05,20.26,1548720000,131202535,AMD,20190128,19:00:00
23.09,23.13,21.37,21.49,1548806400,211421150,AMD,20190129,19:00:00
24.41,25.14,22.83,23.02,1548892800,182575629,AMD,20190130,19:00:00
24.51,24.84,24.065,24.61,1548979200,105356175,AMD,20190131,19:00:00
24.13,24.66,24.07,24.43,1549238400,70843958,AMD,20190203,19:00:00
23.31,23.86,22.98,23.42,1549324800,122226034,AMD,20190204,19:00:00
23.26,24.14,23.22,23.63,1549411200,78684325,AMD,20190205,19:00:00
22.67,23.22,22.32,22.99,1549497600,86723886,AMD,20190206,19:00:00
23.05,23.28,22.27,22.33,1549584000,78129280,AMD,20190207,19:00:00
22.96,23.2827,22.66,23.05,1549843200,60578705,AMD,20190210,19:00:00
22.82,23.56,22.75,23.43,1549929600,67595405,AMD,20190211,19:00:00
22.85,23.24,22.7138,22.98,1550016000,57544167,AMD,20190212,19:00:00
23.13,23.37,22.59,22.74,1550102400,64441243,AMD,20190213,19:00:00
23.68,24.05,23.2,23.58,1550188800,78644109,AMD,20190214,19:00:00
23.95,24.405,23.605,23.625,1550534400,57517907,AMD,20190218,19:00:00
23.95,24.37,23.9,24.14,1550620800,57091617,AMD,20190219,19:00:00
23.92,24.33,23.85,24.04,1550707200,49608176,AMD,20190220,19:00:00
24.36,24.36,23.88,24.05,1550793600,52650728,AMD,20190221,19:00:00
24.71,25.52,24.68,25.01,1551052800,63221028,AMD,20190224,19:00:00
24.21,24.72,24.15,24.65,1551139200,48470089,AMD,20190225,19:00:00
23.48,24.2299,23.21,24.11,1551225600,62649329,AMD,20190226,19:00:00
23.53,23.67,23.11,23.21,1551312000,39384901,AMD,20190227,19:00:00
23.68,24.19,23.45,23.97,1551398400,48083975,AMD,20190228,19:00:00
23.37,24.13,23.01,23.89,1551657600,48147714,AMD,20190303,19:00:00
23.5,23.68,23.01,23.34,1551744000,35462587,AMD,20190304,19:00:00
22.41,23.53,22.4,23.47,1551830400,60479430,AMD,20190305,19:00:00
22.08,22.4101,21.73,22.33,1551916800,52186289,AMD,20190306,19:00:00
22.01,22.085,21.035,21.35,1552003200,49967725,AMD,20190307,19:00:00
22.96,23.075,21.98,22.15,1552262400,54420188,AMD,20190310,20:00:00
23.49,23.795,22.78,23.1,1552348800,56410616,AMD,20190311,20:00:00
23.38,24.15,23.35,23.66,1552435200,56705777,AMD,20190312,20:00:00
22.82,23.49,22.8,23.37,1552521600,42818582,AMD,20190313,20:00:00
23.29,23.65,23.01,23.1,1552608000,46519912,AMD,20190314,20:00:00
23.25,23.62,23.04,23.3,1552867200,34731839,AMD,20190317,20:00:00
26.0,26.08,23.59,23.6,1552953600,156052222,AMD,20190318,20:00:00
25.7,26.88,25.31,26.49,1553040000,151292138,AMD,20190319,20:00:00
27.89,28.11,25.71,25.78,1553126400,129610272,AMD,20190320,20:00:00
26.37,27.75,26.33,27.54,1553212800,115323257,AMD,20190321,20:00:00
25.97,26.99,25.54,26.29,1553472000,78438159,AMD,20190324,20:00:00
25.69,26.98,25.46,26.69,1553558400,75754079,AMD,20190325,20:00:00
24.89,25.88,24.55,25.7,1553644800,88585265,AMD,20190326,20:00:00
25.06,25.56,24.65,25.1,1553731200,64667453,AMD,20190327,20:00:00
25.52,25.73,25.25,25.58,1553817600,53502807,AMD,20190328,20:00:00
26.36,26.555,25.83,26.42,1554076800,63000322,AMD,20190331,20:00:00
26.75,26.8,26.09,26.51,1554163200,53358772,AMD,20190401,20:00:00
29.02,29.9498,27.88,28.02,1554249600,197650478,AMD,20190402,20:00:00
29.09,29.385,28.61,28.88,1554336000,82191092,AMD,20190403,20:00:00
28.98,29.69,28.8,29.64,1554422400,65662738,AMD,20190404,20:00:00
28.53,28.95,28.18,28.69,1554681600,58002493,AMD,20190407,20:00:00
27.24,28.38,27.19,28.24,1554768000,75539793,AMD,20190408,20:00:00
27.83,28.12,27.32,27.46,1554854400,64368144,AMD,20190409,20:00:00
27.79,28.05,27.46,27.81,1554940800,44801179,AMD,20190410,20:00:00
27.85,28.38,27.66,28.21,1555027200,41048838,AMD,20190411,20:00:00
27.33,27.84,26.96,27.8,1555286400,40812497,AMD,20190414,20:00:00
27.93,28.18,27.49,27.72,1555372800,47340055,AMD,20190415,20:00:00
27.49,28.27,27.22,28.21,1555459200,48240768,AMD,20190416,20:00:00
27.68,27.88,27.34,27.6,1555545600,39880890,AMD,20190417,20:00:00
28.18,28.23,27.39,27.62,1555891200,36477286,AMD,20190421,20:00:00
27.97,28.49,27.79,28.18,1555977600,41777470,AMD,20190422,20:00:00
28.46,28.85,27.93,28.1,1556064000,51784738,AMD,20190423,20:00:00
27.66,28.86,27.36,28.67,1556150400,57329711,AMD,20190424,20:00:00
27.88,27.9,27.05,27.66,1556236800,48827903,AMD,20190425,20:00:00
27.69,28.14,27.5,27.9,1556496000,44532725,AMD,20190428,20:00:00
27.63,27.8,26.94,27.59,1556582400,73165869,AMD,20190429,20:00:00
26.81,29.15,26.78,28.95,1556668800,136066941,AMD,20190430,20:00:00
28.29,28.64,26.61,26.94,1556755200,100514792,AMD,20190501,20:00:00
28.22,28.4201,27.66,28.3,1556841600,55503062,AMD,20190502,20:00:00
27.42,27.5,26.45,26.72,1557100800,70344092,AMD,20190505,20:00:00
26.66,27.35,26.21,27.2,1557187200,75868821,AMD,20190506,20:00:00
27.09,27.71,26.27,26.41,1557273600,65967544,AMD,20190507,20:00:00
27.21,27.38,26.03,26.7,1557360000,73150883,AMD,20190508,20:00:00
27.96,28.1,26.93,27.03,1557446400,82930144,AMD,20190509,20:00:00
26.24,27.23,26.1,26.98,1557705600,99017893,AMD,20190512,20:00:00
27.32,27.48,26.15,26.53,1557792000,82980397,AMD,20190513,20:00:00
27.58,27.79,26.73,26.87,1557878400,55689874,AMD,20190514,20:00:00
28.01,28.37,27.2699,27.37,1557964800,67330064,AMD,20190515,20:00:00
27.5,28.46,27.4,27.69,1558051200,65385351,AMD,20190516,20:00:00
26.68,27.24,26.49,26.98,1558310400,69757402,AMD,20190519,20:00:00
27.35,27.37,26.93,27.18,1558396800,46079177,AMD,20190520,20:00:00
27.41,27.59,27.07,27.12,1558483200,40035288,AMD,20190521,20:00:00
26.36,27.1,26.03,26.99,1558569600,67809153,AMD,20190522,20:00:00
26.44,26.925,26.4,26.61,1558656000,39835788,AMD,20190523,20:00:00
29.03,29.67,27.06,27.27,1559001600,146949629,AMD,20190527,20:00:00
28.09,29.32,27.73,29.0,1559088000,99969597,AMD,20190528,20:00:00
28.03,28.56,27.6,28.4,1559174400,65289093,AMD,20190529,20:00:00
27.41,28.36,27.4,27.57,1559260800,68667809,AMD,20190530,20:00:00
27.58,29.62,27.29,28.75,1559520000,147532180,AMD,20190602,20:00:00
29.57,29.59,27.91,28.39,1559606400,107549523,AMD,20190603,20:00:00
29.5,29.99,29.03,29.93,1559692800,79481540,AMD,20190604,20:00:00
31.82,31.98,29.84,29.87,1559779200,131267796,AMD,20190605,20:00:00
32.41,32.6,31.57,31.94,1559865600,86841098,AMD,20190606,20:00:00
33.23,34.3,33.08,33.53,1560124800,97668791,AMD,20190609,20:00:00
32.41,33.49,31.82,33.43,1560211200,82834914,AMD,20190610,20:00:00
32.18,32.57,31.92,32.0,1560297600,56298671,AMD,20190611,20:00:00
31.39,32.5,31.06,32.39,1560384000,63555986,AMD,20190612,20:00:00
30.36,30.96,30.02,30.7,1560470400,70373015,AMD,20190613,20:00:00
29.2,30.45,29.18,30.25,1560729600,70865743,AMD,20190616,20:00:00
30.45,30.97,29.58,29.76,1560816000,86444542,AMD,20190617,20:00:00
30.5,30.79,30.06,30.665,1560902400,63233939,AMD,20190618,20:00:00
30.01,31.36,29.84,31.24,1560988800,72418162,AMD,20190619,20:00:00
29.1,30.35,28.97,29.65,1561075200,81861322,AMD,20190620,20:00:00
29.26,29.4,28.67,29.32,1561334400,55724826,AMD,20190623,20:00:00
28.86,29.72,28.8,29.26,1561420800,53680887,AMD,20190624,20:00:00
29.92,30.48,29.78,29.98,1561507200,65064199,AMD,20190625,20:00:00
30.74,30.96,30.21,30.41,1561593600,55623309,AMD,20190626,20:00:00
30.37,31.11,30.33,31.08,1561680000,50090925,AMD,20190627,20:00:00
31.2,32.04,30.87,31.79,1561939200,60525532,AMD,20190630,20:00:00
31.24,31.26,30.73,30.96,1562025600,37721679,AMD,20190701,20:00:00
31.19,31.33,30.74,31.13,1562112000,23462004,AMD,20190702,20:00:00
31.5,31.56,30.75,30.88,1562284800,34011867,AMD,20190704,20:00:00
32.04,32.15,31.26,31.8,1562544000,49689399,AMD,20190707,20:00:00
33.15,33.18,31.71,31.76,1562630400,61419773,AMD,20190708,20:00:00
33.79,34.03,33.36,33.56,1562716800,60388439,AMD,20190709,20:00:00
33.06,34.0,32.76,33.91,1562803200,63081800,AMD,20190710,20:00:00
33.21,33.39,32.59,32.76,1562889600,51509682,AMD,20190711,20:00:00
34.39,34.55,33.27,33.34,1563148800,65565248,AMD,20190714,20:00:00
33.85,34.86,33.8,34.3,1563235200,66912699,AMD,20190715,20:00:00
33.6,34.3,33.49,34.01,1563321600,42557903,AMD,20190716,20:00:00
33.0,33.46,32.42,33.03,1563408000,58610857,AMD,20190717,20:00:00
32.51,33.35,32.45,33.08,1563494400,44617702,AMD,20190718,20:00:00
32.85,33.31,32.735,32.8,1563753600,37777312,AMD,20190721,20:00:00
33.49,33.5,32.93,33.17,1563840000,38532460,AMD,20190722,20:00:00
34.11,34.36,33.45,33.64,1563926400,41952256,AMD,20190723,20:00:00
33.67,34.25,33.62,34.05,1564012800,36705616,AMD,20190724,20:00:00
34.02,34.77,33.865,34.23,1564099200,43502776,AMD,20190725,20:00:00
33.48,34.18,32.98,34.14,1564358400,45921978,AMD,20190728,20:00:00
33.87,33.94,32.94,33.21,1564444800,72198880,AMD,20190729,20:00:00
30.45,32.3,30.3,32.08,1564531200,119190001,AMD,20190730,20:00:00
29.86,31.48,29.1,30.5,1564617600,80878890,AMD,20190731,20:00:00
29.44,29.7301,28.94,29.48,1564704000,60410852,AMD,20190801,20:00:00
27.99,28.49,27.65,28.26,1564963200,74333240,AMD,20190804,20:00:00
28.86,29.05,28.2,28.86,1565049600,60578444,AMD,20190805,20:00:00
29.19,29.28,28.37,28.47,1565136000,58577543,AMD,20190806,20:00:00
33.92,34.27,31.48,31.53,1565222400,167278810,AMD,20190807,20:00:00
34.19,35.55,33.08,33.45,1565308800,132483947,AMD,20190808,20:00:00
32.43,34.65,32.08,34.16,1565568000,106936040,AMD,20190811,20:00:00
32.11,33.14,31.72,32.36,1565654400,102579321,AMD,20190812,20:00:00
30.24,31.05,29.51,31.0,1565740800,127521456,AMD,20190813,20:00:00
29.67,30.73,29.21,30.63,1565827200,72606817,AMD,20190814,20:00:00
31.18,31.48,30.21,30.305,1565913600,71588978,AMD,20190815,20:00:00
31.48,32.19,31.42,32.0,1566172800,67781613,AMD,20190818,20:00:00
30.72,31.305,30.45,30.94,1566259200,48016381,AMD,20190819,20:00:00
31.7,31.74,30.84,31.05,1566345600,41635046,AMD,20190820,20:00:00
31.9,31.92,30.98,31.76,1566432000,47742174,AMD,20190821,20:00:00
29.54,31.83,29.4,31.3,1566518400,83931683,AMD,20190822,20:00:00
30.28,30.72,29.94,30.34,1566777600,50858859,AMD,20190825,20:00:00
30.2,30.89,29.6,30.6,1566864000,53351711,AMD,20190826,20:00:00
30.78,31.1801,29.7,29.92,1566950400,55896445,AMD,20190827,20:00:00
31.45,31.83,31.33,31.47,1567036800,44485479,AMD,20190828,20:00:00
31.45,31.865,31.13,31.6,1567123200,40215501,AMD,20190829,20:00:00
30.9,31.14,30.68,30.83,1567468800,38080254,AMD,20190902,20:00:00
30.95,31.83,30.85,31.32,1567555200,46709780,AMD,20190903,20:00:00
31.5,32.05,31.12,31.79,1567641600,57932080,AMD,20190904,20:00:00
30.56,31.51,30.48,31.5,1567728000,51672982,AMD,20190905,20:00:00
30.5,31.1752,30.24,30.93,1567987200,54413163,AMD,20190908,20:00:00
30.23,30.38,29.77,30.22,1568073600,48604766,AMD,20190909,20:00:00
29.76,30.43,29.51,30.38,1568160000,50631683,AMD,20190910,20:00:00
30.21,30.84,29.95,30.08,1568246400,53618344,AMD,20190911,20:00:00
30.69,30.85,29.95,30.27,1568332800,47758753,AMD,20190912,20:00:00
30.83,31.15,30.26,30.37,1568592000,52248540,AMD,20190915,20:00:00
30.99,31.32,30.74,31.07,1568678400,35125750,AMD,20190916,20:00:00
30.42,30.893,29.88,30.75,1568764800,47277309,AMD,20190917,20:00:00
30.29,30.96,30.14,30.57,1568851200,41930831,AMD,20190918,20:00:00
30.05,30.47,29.65,30.36,1568937600,83555555,AMD,20190919,20:00:00
30.64,30.8,30.07,30.12,1569196800,45185837,AMD,20190922,20:00:00
29.52,30.75,29.29,30.54,1569283200,73220942,AMD,20190923,20:00:00
29.54,29.65,28.5501,29.48,1569369600,58691579,AMD,20190924,20:00:00
29.47,29.77,29.0,29.67,1569456000,41182228,AMD,20190925,20:00:00
28.72,29.77,28.35,29.17,1569542400,54144672,AMD,20190926,20:00:00
28.99,29.05,28.36,28.89,1569801600,40332052,AMD,20190929,20:00:00
28.76,29.54,28.64,29.05,1569888000,37366072,AMD,20190930,20:00:00
28.31,28.85,28.03,28.5,1569974400,44048752,AMD,20191001,20:00:00
28.68,28.778,27.43,28.28,1570060800,56905408,AMD,20191002,20:00:00
29.01,29.06,28.57,28.83,1570147200,34609211,AMD,20191003,20:00:00
28.93,29.63,28.8431,28.9,1570406400,39745268,AMD,20191006,20:00:00
28.23,28.64,27.92,28.55,1570492800,44432078,AMD,20191007,20:00:00
28.46,28.95,28.35,28.8,1570579200,36321583,AMD,20191008,20:00:00
28.38,28.89,28.0,28.52,1570665600,41171995,AMD,20191009,20:00:00
29.75,30.2,28.81,28.83,1570752000,66632445,AMD,20191010,20:00:00
30.53,30.61,29.38,29.71,1571011200,44818233,AMD,20191013,20:00:00
30.72,30.92,30.17,30.7,1571097600,42142385,AMD,20191014,20:00:00
30.81,31.41,30.53,30.6,1571184000,43064255,AMD,20191015,20:00:00
31.14,31.4,30.86,31.3,1571270400,37010205,AMD,20191016,20:00:00
30.97,31.33,30.29,31.06,1571356800,39711244,AMD,20191017,20:00:00
32.03,32.26,31.41,31.5,1571616000,52648067,AMD,20191020,20:00:00
31.51,32.15,31.5,32.06,1571702400,36860307,AMD,20191021,20:00:00
31.36,31.65,30.83,31.09,1571788800,26858110,AMD,20191022,20:00:00
31.72,31.86,31.34,31.58,1571875200,28448977,AMD,20191023,20:00:00
32.71,32.86,31.83,31.9,1571961600,45368837,AMD,20191024,20:00:00
33.69,33.9103,33.15,33.16,1572220800,51223609,AMD,20191027,20:00:00
33.03,33.9,32.7,33.73,1572307200,78700076,AMD,20191028,20:00:00
33.13,33.34,32.035,32.93,1572393600,78228769,AMD,20191029,20:00:00
33.93,34.34,32.82,32.98,1572480000,67881623,AMD,20191030,20:00:00
34.89,35.0,34.1,34.37,1572566400,64238609,AMD,20191031,20:00:00
36.29,36.45,34.76,35.19,1572825600,83343783,AMD,20191103,19:00:00
36.15,37.18,35.98,36.56,1572912000,84848638,AMD,20191104,19:00:00
35.93,36.48,35.52,36.06,1572998400,51675119,AMD,20191105,19:00:00
36.28,36.99,36.03,36.52,1573084800,54350178,AMD,20191106,19:00:00
36.29,36.58,36.0,36.06,1573171200,39396230,AMD,20191107,19:00:00
36.31,36.6648,35.58,35.96,1573430400,43572264,AMD,20191110,19:00:00
36.71,37.13,36.4,36.43,1573516800,58664523,AMD,20191111,19:00:00
37.52,37.96,36.5779,36.65,1573603200,69178093,AMD,20191112,19:00:00
38.35,38.5,37.36,37.51,1573689600,65936947,AMD,20191113,19:00:00
38.56,39.37,38.34,38.94,1573776000,63020866,AMD,20191114,19:00:00
39.88,39.985,38.6,38.65,1574035200,66332767,AMD,20191117,19:00:00
41.29,41.79,39.685,40.14,1574121600,94600235,AMD,20191118,19:00:00
40.98,41.75,40.07,40.96,1574208000,79968318,AMD,20191119,19:00:00
39.52,40.7095,38.64,40.42,1574294400,88069355,AMD,20191120,19:00:00
39.15,39.89,38.19,39.36,1574380800,56931883,AMD,20191121,19:00:00
39.79,40.17,39.495,39.5,1574640000,45879404,AMD,20191124,19:00:00
38.99,39.48,38.81,39.3,1574726400,43764146,AMD,20191125,19:00:00
39.41,39.76,39.07,39.46,1574812800,33733792,AMD,20191126,19:00:00
39.15,39.515,39.02,39.1,1574985600,17609932,AMD,20191128,19:00:00
38.73,39.41,38.44,39.32,1575244800,37942678,AMD,20191201,19:00:00
38.9,38.93,37.15,37.34,1575331200,52991201,AMD,20191202,19:00:00
39.69,39.82,39.13,39.38,1575417600,44372195,AMD,20191203,19:00:00
39.62,40.22,39.55,39.95,1575504000,35710943,AMD,20191204,19:00:00
39.63,40.19,39.56,40.1,1575590400,31150377,AMD,20191205,19:00:00
38.93,39.84,38.91,39.46,1575849600,28035391,AMD,20191208,19:00:00
39.44,39.73,38.82,39.2,1575936000,33863025,AMD,20191209,19:00:00
39.47,39.61,39.04,39.44,1576022400,31794689,AMD,20191210,19:00:00
42.59,42.62,39.25,39.4,1576108800,87398169,AMD,20191211,19:00:00
41.15,42.95,41.06,42.35,1576195200,79985411,AMD,20191212,19:00:00
42.35,42.98,41.73,41.73,1576454400,58890776,AMD,20191215,19:00:00
42.77,43.105,42.15,42.51,1576540800,44935574,AMD,20191216,19:00:00
42.3,43.06,42.24,42.79,1576627200,39182983,AMD,20191217,19:00:00
42.83,43.34,42.6,42.63,1576713600,45950709,AMD,20191218,19:00:00
44.15,44.26,43.26,43.44,1576800000,68216726,AMD,20191219,19:00:00
45.46,45.625,44.39,44.58,1577059200,56065288,AMD,20191222,19:00:00
46.54,46.61,45.77,46.1,1577145600,44432192,AMD,20191223,19:00:00
46.63,47.31,45.66,46.99,1577318400,57712693,AMD,20191225,19:00:00
46.18,46.88,45.975,46.85,1577404800,36624234,AMD,20191226,19:00:00
45.52,46.17,44.66,46.14,1577664000,41235735,AMD,20191229,19:00:00
45.86,46.09,44.9223,45.07,1577750400,31791204,AMD,20191230,19:00:00
49.1,49.25,46.63,46.86,1577923200,80764599,AMD,20200101,19:00:00
48.6,49.39,47.54,48.03,1578009600,73362157,AMD,20200102,19:00:00
48.39,48.86,47.86,48.02,1578268800,48176286,AMD,20200105,19:00:00
48.25,49.39,48.04,49.35,1578355200,59935556,AMD,20200106,19:00:00
47.83,48.3,47.14,47.85,1578441600,53868957,AMD,20200107,19:00:00
48.97,49.96,48.39,48.94,1578528000,76649637,AMD,20200108,19:00:00
48.165,49.29,48.0,49.26,1578614400,44215594,AMD,20200109,19:00:00
48.745,48.86,48.24,48.66,1578873600,34474728,AMD,20200112,19:00:00
48.21,49.035,47.91,48.64,1578960000,38694180,AMD,20200113,19:00:00
48.545,49.08,48.12,48.23,1579046400,40199943,AMD,20200114,19:00:00
49.77,50.31,48.99,49.17,1579132800,58898926,AMD,20200115,19:00:00
50.93,51.05,49.9,50.2,1579219200,57722501,AMD,20200116,19:00:00
51.05,51.81,50.7,50.96,1579564800,49094965,AMD,20200120,19:00:00
51.43,51.875,51.195,51.63,1579651200,40772219,AMD,20200121,19:00:00
51.71,51.745,50.74,51.34,1579737600,40135442,AMD,20200122,19:00:00
50.35,52.81,49.47,52.2803,1579824000,80004909,AMD,20200123,19:00:00
49.26,49.79,47.9,48.45,1580083200,48878578,AMD,20200126,19:00:00
50.53,50.85,49.48,50.03,1580169600,62343844,AMD,20200127,19:00:00
47.51,48.07,46.1,47.84,1580256000,112559197,AMD,20200128,19:00:00
48.78,48.81,46.13,46.49,1580342400,70460163,AMD,20200129,19:00:00
47.0,48.58,46.79,48.4,1580428800,60322431,AMD,20200130,19:00:00
48.02,48.1,46.23,46.4,1580688000,47076956,AMD,20200202,19:00:00
49.45,49.75,48.61,49.21,1580774400,46302078,AMD,20200203,19:00:00
49.84,50.42,49.31,50.29,1580860800,42737104,AMD,20200204,19:00:00
49.32,49.39,47.63,48.8,1580947200,48670617,AMD,20200205,19:00:00
49.73,50.665,48.635,48.91,1581033600,53107582,AMD,20200206,19:00:00
52.26,52.3,49.35,49.47,1581292800,60971719,AMD,20200209,19:00:00
53.8,54.48,52.91,53.22,1581379200,74719054,AMD,20200210,19:00:00
53.89,54.85,53.53,54.53,1581465600,45994933,AMD,20200211,19:00:00
54.53,55.03,53.34,53.43,1581552000,51640035,AMD,20200212,19:00:00
55.31,55.4,54.56,55.19,1581638400,52365370,AMD,20200213,19:00:00
56.89,58.13,54.84,54.94,1581984000,70346387,AMD,20200217,19:00:00
58.9,59.27,57.51,57.99,1582070400,58597294,AMD,20200218,19:00:00
57.27,59.02,56.15,58.44,1582156800,74203373,AMD,20200219,19:00:00
53.28,56.8,52.89,56.71,1582243200,88553374,AMD,20200220,19:00:00
49.12,50.275,47.49,48.175,1582502400,86624116,AMD,20200223,19:00:00
47.57,51.24,47.12,51.14,1582588800,88699382,AMD,20200224,19:00:00
47.49,49.29,47.07,47.7,1582675200,86897680,AMD,20200225,19:00:00
44.01,46.24,42.21,45.38,1582761600,106416222,AMD,20200226,19:00:00
45.48,46.15,41.04,41.355,1582848000,100667707,AMD,20200227,19:00:00
47.46,47.68,44.66,47.42,1583107200,102324726,AMD,20200301,19:00:00
46.75,50.2,45.67,49.03,1583193600,141972288,AMD,20200302,19:00:00
50.11,50.14,47.2101,48.25,1583280000,93311779,AMD,20200303,19:00:00
48.11,49.72,47.51,48.68,1583366400,98302748,AMD,20200304,19:00:00
48.59,49.54,46.74,49.44,1583452800,124590861,AMD,20200305,19:00:00
43.27,46.34,42.51,43.03,1583712000,80859774,AMD,20200308,20:00:00
45.38,45.44,43.1,45.41,1583798400,76228247,AMD,20200309,20:00:00
45.7,45.97,43.8,44.19,1583884800,102319010,AMD,20200310,20:00:00
39.01,42.5,39.0,42.0,1583971200,107461521,AMD,20200311,20:00:00
43.9,43.91,39.6,42.2,1584057600,86689681,AMD,20200312,20:00:00
38.71,43.37,38.51,39.08,1584316800,84545868,AMD,20200315,20:00:00
41.88,42.88,38.3,40.19,1584403200,92741881,AMD,20200316,20:00:00
39.12,41.95,36.75,39.54,1584489600,106949287,AMD,20200317,20:00:00
39.82,41.7,37.69,39.56,1584576000,88939024,AMD,20200318,20:00:00
39.61,42.4825,39.58,41.51,1584662400,106859502,AMD,20200319,20:00:00
41.64,42.32,38.95,40.62,1584921600,101704663,AMD,20200322,20:00:00
46.22,46.81,43.99,44.04,1585008000,106794151,AMD,20200323,20:00:00
44.63,47.875,44.425,46.79,1585094400,93760389,AMD,20200324,20:00:00
47.5,47.5,45.4,45.78,1585180800,73915608,AMD,20200325,20:00:00
46.58,47.975,45.9,46.32,1585267200,74599218,AMD,20200326,20:00:00
47.86,48.46,46.66,47.24,1585526400,68486602,AMD,20200329,20:00:00
45.48,48.53,45.16,47.925,1585612800,83483749,AMD,20200330,20:00:00
43.66,46.85,43.16,44.18,1585699200,92083081,AMD,20200331,20:00:00
44.49,45.28,43.1,43.4,1585785600,79024133,AMD,20200401,20:00:00
42.59,44.8393,41.7,44.3,1585872000,79334966,AMD,20200402,20:00:00
47.52,47.58,44.06,44.3,1586131200,82293964,AMD,20200405,20:00:00
47.56,49.65,46.675,48.96,1586217600,102098689,AMD,20200406,20:00:00
48.79,49.0,47.61,48.07,1586304000,64930779,AMD,20200407,20:00:00
48.38,50.25,47.72,49.65,1586390400,80357393,AMD,20200408,20:00:00
50.94,51.07,48.23,48.47,1586736000,64290112,AMD,20200412,20:00:00
54.93,55.14,52.11,52.235,1586822400,85306750,AMD,20200413,20:00:00
54.99,55.5699,53.41,53.73,1586908800,83814033,AMD,20200414,20:00:00
56.95,58.08,55.63,55.96,1586995200,103106456,AMD,20200415,20:00:00
56.6,57.755,55.55,57.35,1587081600,76908783,AMD,20200416,20:00:00
56.97,58.63,55.85,55.98,1587340800,72367258,AMD,20200419,20:00:00
52.92,57.73,51.41,56.9,1587427200,123906390,AMD,20200420,20:00:00
55.92,56.15,54.34,54.91,1587513600,63164076,AMD,20200421,20:00:00
55.9,57.285,55.64,56.65,1587600000,69662688,AMD,20200422,20:00:00
56.18,56.78,54.42,55.1,1587686400,72854752,AMD,20200423,20:00:00
56.49,58.0,56.25,57.44,1587945600,62568062,AMD,20200426,20:00:00
55.51,57.35,55.3,57.16,1588032000,80501820,AMD,20200427,20:00:00
53.66,54.86,52.74,54.53,1588118400,110800859,AMD,20200428,20:00:00
52.39,54.29,52.03,53.43,1588204800,65543944,AMD,20200429,20:00:00
49.88,51.95,49.09,51.07,1588291200,69562656,AMD,20200430,20:00:00
52.56,52.61,49.73,49.815,1588550400,62590577,AMD,20200503,20:00:00
52.19,53.51,51.29,53.43,1588636800,56560532,AMD,20200504,20:00:00
52.16,53.31,51.88,52.42,1588723200,48138123,AMD,20200505,20:00:00
51.95,52.9666,51.62,52.93,1588809600,48956641,AMD,20200506,20:00:00
53.19,53.27,51.81,52.15,1588896000,40774186,AMD,20200507,20:00:00
55.74,55.89,52.75,52.9,1589155200,68746373,AMD,20200510,20:00:00
53.76,56.58,53.75,56.2065,1589241600,55631098,AMD,20200511,20:00:00
52.18,55.22,51.295,54.04,1589328000,76824714,AMD,20200512,20:00:00
54.51,54.54,51.61,52.1,1589414400,73813999,AMD,20200513,20:00:00
54.2,54.435,52.86,53.32,1589500800,66950863,AMD,20200514,20:00:00
54.59,55.25,54.24,54.98,1589760000,48679061,AMD,20200517,20:00:00
55.47,56.73,54.36,54.39,1589846400,60388543,AMD,20200518,20:00:00
56.39,56.98,55.625,56.55,1589932800,50888191,AMD,20200519,20:00:00
54.65,56.72,54.61,56.68,1590019200,48496114,AMD,20200520,20:00:00
55.17,55.3748,53.78,54.77,1590105600,43524110,AMD,20200521,20:00:00
53.19,56.08,53.02,56.01,1590451200,51618865,AMD,20200525,20:00:00
52.74,53.28,49.09,53.27,1590537600,102414487,AMD,20200526,20:00:00
51.74,53.54,51.25,52.25,1590624000,53754227,AMD,20200527,20:00:00
53.8,53.8,51.85,52.07,1590710400,64948312,AMD,20200528,20:00:00
53.63,54.11,52.89,53.31,1590969600,36949860,AMD,20200531,20:00:00
53.54,53.57,52.01,53.45,1591056000,42855210,AMD,20200601,20:00:00
52.73,53.65,52.33,53.5965,1591142400,46765332,AMD,20200602,20:00:00
52.63,53.74,52.2,52.59,1591228800,44869090,AMD,20200603,20:00:00
53.1,53.57,52.08,52.99,1591315200,53908273,AMD,20200604,20:00:00
52.97,53.35,52.26,53.3,1591574400,39681749,AMD,20200607,20:00:00
56.39,56.46,52.72,52.9497,1591660800,79919140,AMD,20200608,20:00:00
57.44,59.0,57.03,57.2,1591747200,78719416,AMD,20200609,20:00:00
52.83,56.68,52.8,55.94,1591833600,78715402,AMD,20200610,20:00:00
53.5,55.6,52.11,55.01,1591920000,71189070,AMD,20200611,20:00:00
54.68,54.73,52.4128,52.58,1592179200,56740683,AMD,20200614,20:00:00
54.46,56.07,53.59,55.72,1592265600,50949745,AMD,20200615,20:00:00
54.55,55.82,54.3,54.79,1592352000,45146545,AMD,20200616,20:00:00
54.04,55.1225,53.65,54.62,1592438400,40354724,AMD,20200617,20:00:00
54.23,55.455,53.815,54.41,1592524800,52801461,AMD,20200618,20:00:00
54.76,55.17,53.74,54.67,1592784000,44704781,AMD,20200621,20:00:00
53.99,55.37,53.87,55.05,1592870400,48089011,AMD,20200622,20:00:00
52.39,54.74,51.92,53.94,1592956800,53535548,AMD,20200623,20:00:00
51.93,52.7,50.54,52.56,1593043200,51129614,AMD,20200624,20:00:00
50.1,51.95,49.45,51.85,1593129600,65485729,AMD,20200625,20:00:00
50.28,50.28,48.42,50.15,1593388800,49905813,AMD,20200628,20:00:00
52.61,52.77,50.82,51.16,1593475200,42275739,AMD,20200629,20:00:00
52.58,52.87,51.6,52.63,1593561600,32370945,AMD,20200630,20:00:00
52.34,53.19,52.0508,53.0335,1593648000,29081425,AMD,20200701,20:00:00
53.4,53.52,52.33,52.9,1593993600,36769425,AMD,20200705,20:00:00
52.93,54.17,52.86,53.28,1594080000,32153094,AMD,20200706,20:00:00
53.43,53.47,52.07,53.01,1594166400,35608338,AMD,20200707,20:00:00
57.255,57.58,53.31,53.52,1594252800,87216264,AMD,20200708,20:00:00
55.88,58.15,55.51,57.54,1594339200,59839688,AMD,20200709,20:00:00
53.59,58.35,53.38,56.68,1594598400,57741821,AMD,20200712,20:00:00
54.72,54.86,52.26,53.3,1594684800,54890110,AMD,20200713,20:00:00
55.34,55.37,53.59,54.96,1594771200,42360279,AMD,20200714,20:00:00
54.92,55.15,53.74,54.68,1594857600,36887082,AMD,20200715,20:00:00
55.04,55.81,54.68,55.31,1594944000,34710407,AMD,20200716,20:00:00
57.46,57.53,54.83,55.23,1595203200,45034250,AMD,20200719,20:00:00
57.0,58.5,56.3173,57.805,1595289600,44800687,AMD,20200720,20:00:00
61.79,62.0,56.97,57.07,1595376000,135159420,AMD,20200721,20:00:00
59.57,62.33,58.6342,61.63,1595462400,106829109,AMD,20200722,20:00:00
69.4,69.94,64.05,64.18,1595548800,205314531,AMD,20200723,20:00:00
68.97,71.63,67.79,69.28,1595808000,107918075,AMD,20200726,20:00:00
67.61,69.8,67.02,68.1,1595894400,94181374,AMD,20200727,20:00:00
76.09,77.19,73.9,75.5,1595980800,132969679,AMD,20200728,20:00:00
78.2,78.96,75.07,75.37,1596067200,80286888,AMD,20200729,20:00:00
77.43,78.96,75.36,78.67,1596153600,71699667,AMD,20200730,20:00:00
77.67,78.5,77.06,78.19,1596412800,42628817,AMD,20200802,20:00:00
85.04,85.805,77.99,78.03,1596499200,155676106,AMD,20200803,20:00:00
85.31,86.32,83.32,84.96,1596585600,65737306,AMD,20200804,20:00:00
86.71,86.98,84.7801,85.49,1596672000,53961739,AMD,20200805,20:00:00
84.85,87.29,82.6702,86.67,1596758400,66543157,AMD,20200806,20:00:00
82.24,85.16,79.3221,85.05,1597017600,70536143,AMD,20200809,20:00:00
76.88,80.71,76.1,80.71,1597104000,77877661,AMD,20200810,20:00:00
82.61,82.88,77.55,78.43,1597190400,88607829,AMD,20200811,20:00:00
81.84,84.02,81.54,82.88,1597276800,57407355,AMD,20200812,20:00:00
81.3,83.24,80.88,81.81,1597363200,42389477,AMD,20200813,20:00:00
82.42,83.06,81.552,82.09,1597622400,31450155,AMD,20200816,20:00:00
81.66,82.88,81.03,82.8,1597708800,30970483,AMD,20200817,20:00:00
81.09,81.85,80.45,81.7757,1597795200,37507391,AMD,20200818,20:00:00
82.77,82.84,79.12,79.74,1597881600,42948860,AMD,20200819,20:00:00
83.81,84.41,82.23,83.29,1597968000,48280318,AMD,20200820,20:00:00
83.08,85.33,82.55,84.55,1598227200,38036068,AMD,20200823,20:00:00
86.35,86.62,82.35,83.36,1598313600,49234399,AMD,20200824,20:00:00
86.02,87.72,85.2,86.9694,1598400000,47157273,AMD,20200825,20:00:00
83.8,86.58,82.94,86.35,1598486400,42194222,AMD,20200826,20:00:00
85.55,86.04,84.19,84.3,1598572800,40723268,AMD,20200827,20:00:00
90.82,92.64,85.05,85.05,1598832000,90655945,AMD,20200830,20:00:00
92.18,92.51,90.1899,91.92,1598918400,56117100,AMD,20200831,20:00:00
90.22,94.28,88.74,94.01,1599004800,50366918,AMD,20200901,20:00:00
82.54,88.47,81.59,87.84,1599091200,87462687,AMD,20200902,20:00:00
82.01,84.39,76.33,81.45,1599177600,82267760,AMD,20200903,20:00:00
78.69,81.88,78.0,78.05,1599523200,54955672,AMD,20200907,20:00:00
81.91,82.44,79.28,81.4,1599609600,54163878,AMD,20200908,20:00:00
78.98,83.31,78.38,83.07,1599696000,51499396,AMD,20200909,20:00:00
76.34,79.99,75.04,79.82,1599782400,54762990,AMD,20200910,20:00:00
77.9,78.82,76.26,76.8,1600041600,47448681,AMD,20200913,20:00:00
78.93,80.33,75.97,77.66,1600128000,57874428,AMD,20200914,20:00:00
76.66,79.72,76.54,79.35,1600214400,38445668,AMD,20200915,20:00:00
76.55,76.625,74.2,74.88,1600300800,55619100,AMD,20200916,20:00:00
74.93,77.4,73.85,77.0,1600387200,51082857,AMD,20200917,20:00:00
77.94,77.98,73.88,74.23,1600646400,61311970,AMD,20200920,20:00:00
77.7,78.79,75.27,78.365,1600732800,56044742,AMD,20200921,20:00:00
74.73,77.91,74.34,77.39,1600819200,42327514,AMD,20200922,20:00:00
75.82,77.25,73.9,74.54,1600905600,57540926,AMD,20200923,20:00:00
78.055,78.2,74.67,76.35,1600992000,48206242,AMD,20200924,20:00:00
79.48,79.57,77.52,79.1165,1601251200,48005488,AMD,20200927,20:00:00
81.77,82.55,79.3,79.3,1601337600,61633672,AMD,20200928,20:00:00
81.99,82.94,80.66,81.75,1601424000,51533664,AMD,20200929,20:00:00
84.86,85.25,82.86,83.06,1601510400,52177123,AMD,20200930,20:00:00
81.8,84.65,81.66,82.58,1601596800,52855053,AMD,20201001,20:00:00
86.15,86.2819,82.55,82.55,1601856000,47056522,AMD,20201004,20:00:00
84.48,87.25,83.54,86.21,1601942400,52725432,AMD,20201005,20:00:00
86.69,87.79,85.65,86.1,1602028800,43045723,AMD,20201006,20:00:00
86.51,88.72,85.95,88.11,1602115200,54240704,AMD,20201007,20:00:00
83.1,85.75,82.3465,84.74,1602201600,80354389,AMD,20201008,20:00:00
84.29,85.13,83.12,83.65,1602460800,47669699,AMD,20201011,20:00:00
85.28,86.09,83.9733,84.86,1602547200,42764096,AMD,20201012,20:00:00
84.21,85.96,83.46,85.86,1602633600,40446735,AMD,20201013,20:00:00
83.13,84.7201,82.42,83.4,1602720000,33696414,AMD,20201014,20:00:00
83.17,83.99,82.41,83.54,1602806400,31474294,AMD,20201015,20:00:00
82.0,84.65,81.53,83.62,1603065600,36689114,AMD,20201018,20:00:00
81.56,82.69,80.58,82.16,1603152000,38219415,AMD,20201019,20:00:00
79.2,81.9299,79.19,81.72,1603238400,36426409,AMD,20201020,20:00:00
79.42,80.82,78.42,79.65,1603324800,38006798,AMD,20201021,20:00:00
81.96,81.99,79.33,80.93,1603411200,46557675,AMD,20201022,20:00:00
82.23,84.97,80.86,82.55,1603670400,69423675,AMD,20201025,20:00:00
78.88,82.37,77.57,82.0,1603756800,156669494,AMD,20201026,20:00:00
76.4,78.96,75.76,78.73,1603843200,76529910,AMD,20201027,20:00:00
78.02,79.18,76.29,76.75,1603929600,52784087,AMD,20201028,20:00:00
75.29,77.7,74.23,77.09,1604016000,51426174,AMD,20201029,20:00:00
74.7,76.3398,73.7573,75.85,1604275200,45760659,AMD,20201101,19:00:00
76.58,77.08,74.6,74.93,1604361600,41231803,AMD,20201102,19:00:00
81.35,81.85,78.975,80.25,1604448000,66579711,AMD,20201103,19:00:00
83.0,83.5,81.85,83.27,1604534400,46542267,AMD,20201104,19:00:00
85.88,86.09,82.67,83.52,1604620800,53829936,AMD,20201105,19:00:00
83.12,87.05,82.77,84.24,1604880000,58580684,AMD,20201108,19:00:00
77.99,82.13,77.63,81.93,1604966400,67137196,AMD,20201109,19:00:00
81.28,81.47,78.97,79.39,1605052800,44611250,AMD,20201110,19:00:00
81.84,83.0,80.3,81.32,1605139200,37303106,AMD,20201111,19:00:00
81.43,83.11,80.7,82.73,1605225600,30448461,AMD,20201112,19:00:00
83.73,83.78,80.48,81.21,1605484800,38640842,AMD,20201115,19:00:00
83.36,84.81,82.91,83.9298,1605571200,29473512,AMD,20201116,19:00:00
82.54,83.955,82.22,83.0135,1605657600,29967958,AMD,20201117,19:00:00
85.54,85.64,81.72,82.39,1605744000,50116759,AMD,20201118,19:00:00
84.64,86.1,84.47,85.28,1605830400,35008427,AMD,20201119,19:00:00
85.31,87.54,84.615,85.52,1606089600,46504964,AMD,20201122,19:00:00
85.07,86.11,83.32,85.7235,1606176000,36839174,AMD,20201123,19:00:00
86.71,87.84,85.52,85.76,1606262400,41349727,AMD,20201124,19:00:00
87.19,88.0,86.3598,87.99,1606435200,22717638,AMD,20201126,19:00:00
92.66,92.74,86.53,87.33,1606694400,84482979,AMD,20201129,19:00:00
92.63,93.9,90.78,92.25,1606780800,58670527,AMD,20201130,19:00:00
93.74,96.37,92.5253,92.89,1606867200,57988822,AMD,20201201,19:00:00
92.31,94.7,92.01,94.06,1606953600,35859716,AMD,20201202,19:00:00
94.04,94.58,90.63,92.58,1607040000,45570273,AMD,20201203,19:00:00
94.07,95.0,92.97,94.95,1607299200,39815654,AMD,20201206,19:00:00
92.92,94.74,91.9,94.05,1607385600,33907510,AMD,20201207,19:00:00
89.83,94.7,89.16,92.76,1607472000,52170379,AMD,20201208,19:00:00
91.66,92.09,89.0297,89.55,1607558400,33804412,AMD,20201209,19:00:00
91.65,92.33,90.16,91.54,1607644800,28368145,AMD,20201210,19:00:00
94.78,95.41,91.85,92.205,1607904000,48026426,AMD,20201213,19:00:00
97.12,97.98,95.45,95.93,1607990400,57305100,AMD,20201214,19:00:00
96.85,97.27,95.46,97.04,1608076800,34909037,AMD,20201215,19:00:00
96.84,97.92,96.25,97.55,1608163200,32023734,AMD,20201216,19:00:00
95.92,97.68,93.56,97.27,1608249600,51823103,AMD,20201217,19:00:00
93.23,95.28,91.08,94.25,1608508800,47093891,AMD,20201220,19:00:00
93.16,93.55,90.53,93.36,1608595200,35717836,AMD,20201221,19:00:00
91.55,93.13,91.46,93.08,1608681600,25993348,AMD,20201222,19:00:00
91.81,92.51,91.31,91.8,1608768000,16705909,AMD,20201223,19:00:00
91.6,93.14,90.82,92.93,1609113600,30627297,AMD,20201227,19:00:00
90.62,92.46,89.4301,91.66,1609200000,31748211,AMD,20201228,19:00:00
92.29,92.85,90.19,90.78,1609286400,25844973,AMD,20201229,19:00:00
91.71,92.3,90.87,92.1,1609372800,24920500,AMD,20201230,19:00:00
