id,close,high,low,open,status,date_int_key,volume,symbol,timestamp
1943,32.05,32.2,31.7,31.85,ok,1514851200,159474,THRM,2018-01-01 19:00:00
1944,32.5,32.7,31.8,32.0,ok,1514937600,174155,THRM,2018-01-02 19:00:00
1945,33.5,33.6,32.7,32.75,ok,1515024000,119940,THRM,2018-01-03 19:00:00
1946,31.8,32.9,31.6,32.45,ok,1515110400,377162,THRM,2018-01-04 19:00:00
1947,32.3,32.75,31.45,31.65,ok,1515369600,227986,THRM,2018-01-07 19:00:00
1948,32.25,32.8,32.175,32.4,ok,1515456000,187645,THRM,2018-01-08 19:00:00
1949,32.1,32.55,31.6,32.15,ok,1515542400,203409,THRM,2018-01-09 19:00:00
1950,32.25,32.6,31.95,32.15,ok,1515628800,171737,THRM,2018-01-10 19:00:00
1951,32.95,33.15,32.05,32.4,ok,1515715200,113832,THRM,2018-01-11 19:00:00
1952,32.6,33.35,32.45,33.2,ok,1516060800,156922,THRM,2018-01-15 19:00:00
1953,32.7,32.9,32.15,32.65,ok,1516147200,129683,THRM,2018-01-16 19:00:00
1954,32.1,32.7,31.95,32.7,ok,1516233600,97129,THRM,2018-01-17 19:00:00
1955,32.4,32.55,31.65,32.1,ok,1516320000,127904,THRM,2018-01-18 19:00:00
1956,32.0,32.55,31.7,32.55,ok,1516579200,170190,THRM,2018-01-21 19:00:00
1957,32.3,32.5,31.8,32.0,ok,1516665600,436610,THRM,2018-01-22 19:00:00
1958,31.8,32.85,31.8,32.45,ok,1516752000,234043,THRM,2018-01-23 19:00:00
1959,31.45,31.95,31.15,31.95,ok,1516838400,286862,THRM,2018-01-24 19:00:00
1960,32.05,32.05,31.35,31.55,ok,1516924800,199812,THRM,2018-01-25 19:00:00
1961,32.15,32.25,31.55,31.8,ok,1517184000,192777,THRM,2018-01-28 19:00:00
1962,32.0,32.4,31.65,31.95,ok,1517270400,216893,THRM,2018-01-29 19:00:00
1963,32.0,32.3,31.8,32.0,ok,1517356800,128997,THRM,2018-01-30 19:00:00
1964,32.0,32.3,31.55,31.75,ok,1517443200,213536,THRM,2018-01-31 19:00:00
1965,31.1,31.95,30.75,31.85,ok,1517529600,474343,THRM,2018-02-01 19:00:00
1966,30.8,31.55,30.7,31.0,ok,1517788800,302158,THRM,2018-02-04 19:00:00
1967,31.7,31.9,30.2,30.25,ok,1517875200,251948,THRM,2018-02-05 19:00:00
1968,31.65,31.95,31.35,31.6,ok,1517961600,169104,THRM,2018-02-06 19:00:00
1969,30.8,31.7,30.7,31.7,ok,1518048000,206151,THRM,2018-02-07 19:00:00
1970,30.65,31.2,30.175,31.1,ok,1518134400,314268,THRM,2018-02-08 19:00:00
1971,30.8,31.4,30.25,30.8,ok,1518393600,240819,THRM,2018-02-11 19:00:00
1972,30.65,30.85,30.25,30.6,ok,1518480000,143847,THRM,2018-02-12 19:00:00
1973,31.45,31.5,30.35,30.35,ok,1518566400,106921,THRM,2018-02-13 19:00:00
1974,31.35,31.75,31.05,31.6,ok,1518652800,131236,THRM,2018-02-14 19:00:00
1975,31.65,31.9,31.3,31.55,ok,1518739200,235042,THRM,2018-02-15 19:00:00
1976,33.35,33.525,31.8,32.55,ok,1519084800,384583,THRM,2018-02-19 19:00:00
1977,32.95,34.5,32.875,34.5,ok,1519171200,359520,THRM,2018-02-20 19:00:00
1978,31.75,33.0,31.725,33.0,ok,1519257600,260579,THRM,2018-02-21 19:00:00
1979,31.55,32.15,31.55,31.85,ok,1519344000,227114,THRM,2018-02-22 19:00:00
1980,32.05,32.1,31.25,31.65,ok,1519603200,123012,THRM,2018-02-25 19:00:00
1981,31.0,32.15,30.95,32.0,ok,1519689600,203326,THRM,2018-02-26 19:00:00
1982,30.8,31.275,30.6,31.05,ok,1519776000,420856,THRM,2018-02-27 19:00:00
1983,31.3,31.5,30.5,30.8,ok,1519862400,335481,THRM,2018-02-28 19:00:00
1984,32.2,32.4,30.7,31.0,ok,1519948800,224851,THRM,2018-03-01 19:00:00
1985,32.7,32.85,31.95,31.95,ok,1520208000,201652,THRM,2018-03-04 19:00:00
1986,32.85,33.05,32.1,32.85,ok,1520294400,200253,THRM,2018-03-05 19:00:00
1987,33.4,33.65,32.3,32.6,ok,1520380800,203387,THRM,2018-03-06 19:00:00
1988,33.1,33.6,32.95,33.5,ok,1520467200,168560,THRM,2018-03-07 19:00:00
1989,33.45,33.6,33.25,33.3,ok,1520553600,119345,THRM,2018-03-08 19:00:00
1990,33.4,33.8,33.2,33.45,ok,1520812800,107903,THRM,2018-03-11 20:00:00
1991,34.0,34.3,33.25,33.45,ok,1520899200,209497,THRM,2018-03-12 20:00:00
1992,33.4,34.25,33.1,34.15,ok,1520985600,242999,THRM,2018-03-13 20:00:00
1993,33.4,33.7,33.225,33.4,ok,1521072000,128332,THRM,2018-03-14 20:00:00
1994,33.85,33.9,32.8,33.4,ok,1521158400,389207,THRM,2018-03-15 20:00:00
1995,33.2,33.7,32.75,33.7,ok,1521417600,113746,THRM,2018-03-18 20:00:00
1996,33.2,33.45,32.95,33.3,ok,1521504000,108340,THRM,2018-03-19 20:00:00
1997,34.15,34.2,33.0,33.15,ok,1521590400,175160,THRM,2018-03-20 20:00:00
1998,33.8,34.15,33.1,33.8,ok,1521676800,279531,THRM,2018-03-21 20:00:00
1999,33.35,34.0,33.2,33.9,ok,1521763200,600221,THRM,2018-03-22 20:00:00
2000,34.2,34.45,33.45,33.85,ok,1522022400,170313,THRM,2018-03-25 20:00:00
2001,33.65,34.275,33.25,34.25,ok,1522108800,216037,THRM,2018-03-26 20:00:00
2002,33.5,34.15,33.05,33.6,ok,1522195200,192163,THRM,2018-03-27 20:00:00
2003,33.95,34.15,33.7,33.7,ok,1522281600,190924,THRM,2018-03-28 20:00:00
2004,33.75,34.15,33.6,33.8,ok,1522627200,250727,THRM,2018-04-01 20:00:00
2005,34.35,34.425,33.85,33.95,ok,1522713600,169031,THRM,2018-04-02 20:00:00
2006,34.9,34.95,33.85,33.85,ok,1522800000,142321,THRM,2018-04-03 20:00:00
2007,35.5,35.85,34.6,35.0,ok,1522886400,118529,THRM,2018-04-04 20:00:00
2008,35.0,35.85,34.925,35.25,ok,1522972800,223728,THRM,2018-04-05 20:00:00
2009,34.7,35.4,34.35,35.3,ok,1523232000,242384,THRM,2018-04-08 20:00:00
2010,34.95,35.2,34.8,35.2,ok,1523318400,318618,THRM,2018-04-09 20:00:00
2011,35.0,35.2,34.6,34.95,ok,1523404800,115333,THRM,2018-04-10 20:00:00
2012,35.2,35.35,35.0,35.15,ok,1523491200,103437,THRM,2018-04-11 20:00:00
2013,35.3,35.35,35.0,35.3,ok,1523577600,110846,THRM,2018-04-12 20:00:00
2014,36.05,36.15,35.2,35.5,ok,1523836800,236601,THRM,2018-04-15 20:00:00
2015,36.6,36.75,36.2,36.25,ok,1523923200,197502,THRM,2018-04-16 20:00:00
2016,36.25,36.85,36.25,36.65,ok,1524009600,172105,THRM,2018-04-17 20:00:00
2017,35.6,36.35,35.5,36.25,ok,1524096000,102596,THRM,2018-04-18 20:00:00
2018,35.65,36.1,34.6,35.4,ok,1524182400,164831,THRM,2018-04-19 20:00:00
2019,34.5,35.85,34.425,35.4,ok,1524441600,195353,THRM,2018-04-22 20:00:00
2020,34.6,34.7,33.85,34.7,ok,1524528000,261662,THRM,2018-04-23 20:00:00
2021,34.9,35.175,34.5,34.5,ok,1524614400,187902,THRM,2018-04-24 20:00:00
2022,34.525,34.6,30.45,32.55,ok,1524700800,276106,THRM,2018-04-25 20:00:00
2023,33.825,34.8,33.75,34.55,ok,1524787200,292895,THRM,2018-04-26 20:00:00
2024,33.8,34.55,33.7,33.95,ok,1525046400,299116,THRM,2018-04-29 20:00:00
2025,33.95,34.05,33.55,33.65,ok,1525132800,279960,THRM,2018-04-30 20:00:00
2026,34.7,34.8,34.0,34.0,ok,1525219200,164456,THRM,2018-05-01 20:00:00
2027,34.5,34.7,34.0,34.5,ok,1525305600,216005,THRM,2018-05-02 20:00:00
2028,34.45,34.9,34.3,34.45,ok,1525392000,129516,THRM,2018-05-03 20:00:00
2029,34.7,35.0,34.45,34.5,ok,1525651200,136287,THRM,2018-05-06 20:00:00
2030,34.75,35.05,34.55,34.65,ok,1525737600,161050,THRM,2018-05-07 20:00:00
2031,34.75,35.05,34.05,34.75,ok,1525824000,225047,THRM,2018-05-08 20:00:00
2032,34.9,35.3,34.8,34.8,ok,1525910400,226946,THRM,2018-05-09 20:00:00
2033,34.85,35.25,34.8,34.85,ok,1525996800,118686,THRM,2018-05-10 20:00:00
2034,34.85,35.3,34.7,34.9,ok,1526256000,187622,THRM,2018-05-13 20:00:00
2035,34.95,35.1,34.75,34.75,ok,1526342400,207256,THRM,2018-05-14 20:00:00
2036,35.4,35.6,34.85,34.95,ok,1526428800,192542,THRM,2018-05-15 20:00:00
2037,35.05,35.75,35.0,35.45,ok,1526515200,190241,THRM,2018-05-16 20:00:00
2038,35.0,35.25,34.65,35.25,ok,1526601600,268874,THRM,2018-05-17 20:00:00
2039,35.25,35.5,34.55,35.1,ok,1526860800,195378,THRM,2018-05-20 20:00:00
2040,34.7,35.35,34.65,35.35,ok,1526947200,139529,THRM,2018-05-21 20:00:00
2041,34.65,34.85,34.3,34.6,ok,1527033600,179114,THRM,2018-05-22 20:00:00
2042,34.7,35.05,34.45,34.7,ok,1527120000,145429,THRM,2018-05-23 20:00:00
2043,35.1,35.35,34.55,34.8,ok,1527206400,152378,THRM,2018-05-24 20:00:00
2044,34.8,35.1,34.4,34.9,ok,1527552000,182419,THRM,2018-05-28 20:00:00
2045,35.4,35.65,34.9,34.9,ok,1527638400,173888,THRM,2018-05-29 20:00:00
2046,35.4,35.95,35.15,35.45,ok,1527724800,205772,THRM,2018-05-30 20:00:00
2047,36.1,36.15,35.45,35.6,ok,1527811200,150901,THRM,2018-05-31 20:00:00
2048,36.6,36.65,36.15,36.2,ok,1528070400,165443,THRM,2018-06-03 20:00:00
2049,37.35,38.0,36.5,36.55,ok,1528156800,167557,THRM,2018-06-04 20:00:00
2050,37.6,37.7,37.05,37.35,ok,1528243200,114114,THRM,2018-06-05 20:00:00
2051,37.85,38.4,35.905,37.7,ok,1528329600,300009,THRM,2018-06-06 20:00:00
2052,37.15,38.05,36.9,37.85,ok,1528416000,171641,THRM,2018-06-07 20:00:00
2053,37.225,37.75,37.1,37.15,ok,1528675200,214728,THRM,2018-06-10 20:00:00
2054,37.3,37.65,36.8,37.2,ok,1528761600,156876,THRM,2018-06-11 20:00:00
2055,37.15,37.45,36.9,37.45,ok,1528848000,231532,THRM,2018-06-12 20:00:00
2056,36.85,37.35,36.525,37.35,ok,1528934400,218979,THRM,2018-06-13 20:00:00
2057,36.65,37.15,36.35,36.7,ok,1529020800,269476,THRM,2018-06-14 20:00:00
2058,37.95,38.15,36.6,36.6,ok,1529280000,320293,THRM,2018-06-17 20:00:00
2059,37.95,38.15,37.3,37.55,ok,1529366400,309008,THRM,2018-06-18 20:00:00
2060,39.05,39.25,36.95,38.0,ok,1529452800,207170,THRM,2018-06-19 20:00:00
2061,38.9,39.45,38.1,39.0,ok,1529539200,274820,THRM,2018-06-20 20:00:00
2062,38.15,39.15,38.15,39.15,ok,1529625600,779034,THRM,2018-06-21 20:00:00
2063,36.25,38.55,36.0,38.55,ok,1529884800,826760,THRM,2018-06-24 20:00:00
2064,39.5,40.0,36.6,36.65,ok,1529971200,717209,THRM,2018-06-25 20:00:00
2065,38.25,39.6,38.2,39.6,ok,1530057600,586975,THRM,2018-06-26 20:00:00
2066,39.0,39.05,37.1,38.05,ok,1530144000,458380,THRM,2018-06-27 20:00:00
2067,39.3,39.75,38.55,39.0,ok,1530230400,386641,THRM,2018-06-28 20:00:00
2068,39.55,39.7,38.35,39.0,ok,1530489600,299923,THRM,2018-07-01 20:00:00
2069,39.75,40.0,39.15,39.7,ok,1530576000,156790,THRM,2018-07-02 20:00:00
2070,40.5,40.65,39.775,39.9,ok,1530748800,462461,THRM,2018-07-04 20:00:00
2071,40.8,41.35,40.35,40.5,ok,1530835200,186638,THRM,2018-07-05 20:00:00
2072,40.8,41.1,40.6,40.9,ok,1531094400,188734,THRM,2018-07-08 20:00:00
2073,40.3,41.325,40.05,41.0,ok,1531180800,169175,THRM,2018-07-09 20:00:00
2074,39.9,40.5,39.75,40.1,ok,1531267200,310108,THRM,2018-07-10 20:00:00
2075,39.75,40.55,39.65,40.15,ok,1531353600,115485,THRM,2018-07-11 20:00:00
2076,40.25,40.45,39.2,39.45,ok,1531440000,108613,THRM,2018-07-12 20:00:00
2077,40.45,40.9,40.05,40.3,ok,1531699200,109425,THRM,2018-07-15 20:00:00
2078,40.75,41.55,40.25,40.4,ok,1531785600,164679,THRM,2018-07-16 20:00:00
2079,41.0,41.15,40.55,40.65,ok,1531872000,120452,THRM,2018-07-17 20:00:00
2080,40.6,41.0,40.45,40.8,ok,1531958400,102095,THRM,2018-07-18 20:00:00
2081,40.6,41.2,40.2,40.55,ok,1532044800,145807,THRM,2018-07-19 20:00:00
2082,40.85,40.95,39.7,40.45,ok,1532304000,185770,THRM,2018-07-22 20:00:00
2083,40.6,41.3,40.1,40.9,ok,1532390400,235898,THRM,2018-07-23 20:00:00
2084,41.25,41.45,39.905,40.45,ok,1532476800,536794,THRM,2018-07-24 20:00:00
2085,44.95,45.75,41.6,42.65,ok,1532563200,668263,THRM,2018-07-25 20:00:00
2086,44.05,45.4,43.6,45.4,ok,1532649600,318930,THRM,2018-07-26 20:00:00
2087,43.7,44.45,43.65,43.95,ok,1532908800,191695,THRM,2018-07-29 20:00:00
2088,45.3,46.2,42.4,44.1,ok,1532995200,327512,THRM,2018-07-30 20:00:00
2089,44.6,45.5,44.05,45.3,ok,1533081600,232998,THRM,2018-07-31 20:00:00
2090,45.9,46.105,44.35,44.4,ok,1533168000,203714,THRM,2018-08-01 20:00:00
2091,46.05,46.2,45.15,45.8,ok,1533254400,190182,THRM,2018-08-02 20:00:00
2092,46.05,46.4,45.7998,46.15,ok,1533513600,134895,THRM,2018-08-05 20:00:00
2093,46.25,46.4,45.85,46.3,ok,1533600000,173439,THRM,2018-08-06 20:00:00
2094,46.75,46.8,45.8,46.1,ok,1533686400,158803,THRM,2018-08-07 20:00:00
2095,46.4,46.9,46.05,46.75,ok,1533772800,112877,THRM,2018-08-08 20:00:00
2096,46.175,46.85,45.45,46.1,ok,1533859200,178191,THRM,2018-08-09 20:00:00
2097,45.8,46.35,45.35,46.15,ok,1534118400,189983,THRM,2018-08-12 20:00:00
2098,46.35,46.65,45.65,46.0,ok,1534204800,84065,THRM,2018-08-13 20:00:00
2099,46.05,46.85,45.9,46.3,ok,1534291200,177104,THRM,2018-08-14 20:00:00
2100,46.15,46.65,45.85,46.35,ok,1534377600,121423,THRM,2018-08-15 20:00:00
2101,47.7,47.75,46.0,46.0,ok,1534464000,281177,THRM,2018-08-16 20:00:00
2102,49.2,49.8,47.5,47.95,ok,1534723200,455081,THRM,2018-08-19 20:00:00
2103,49.45,49.65,48.8421,49.2,ok,1534809600,187655,THRM,2018-08-20 20:00:00
2104,48.5,49.3,47.95,49.2,ok,1534896000,143708,THRM,2018-08-21 20:00:00
2105,48.8,49.5,48.3,48.4,ok,1534982400,217644,THRM,2018-08-22 20:00:00
2106,49.0,49.2,48.45,48.95,ok,1535068800,193026,THRM,2018-08-23 20:00:00
2107,49.15,49.7,49.1,49.3,ok,1535328000,188845,THRM,2018-08-26 20:00:00
2108,48.85,49.4,48.6,49.4,ok,1535414400,223071,THRM,2018-08-27 20:00:00
2109,49.1,49.5,48.1,48.95,ok,1535500800,248357,THRM,2018-08-28 20:00:00
2110,48.65,48.9,48.35,48.9,ok,1535587200,131909,THRM,2018-08-29 20:00:00
2111,49.2,49.3,47.7,48.4,ok,1535673600,193795,THRM,2018-08-30 20:00:00
2112,49.4,49.65,48.5,48.8,ok,1536019200,211543,THRM,2018-09-03 20:00:00
2113,48.2,49.55,48.1,49.45,ok,1536105600,261085,THRM,2018-09-04 20:00:00
2114,47.7,48.6,47.5,48.35,ok,1536192000,221206,THRM,2018-09-05 20:00:00
2115,46.9,48.1,46.65,47.55,ok,1536278400,288575,THRM,2018-09-06 20:00:00
2116,47.7,48.05,46.65,47.0,ok,1536537600,268714,THRM,2018-09-09 20:00:00
2117,47.8,48.45,47.1,47.6,ok,1536624000,192413,THRM,2018-09-10 20:00:00
2118,48.0,48.25,47.5,47.65,ok,1536710400,184789,THRM,2018-09-11 20:00:00
2119,47.65,48.45,47.45,48.1,ok,1536796800,103123,THRM,2018-09-12 20:00:00
2120,48.3,48.65,47.65,47.65,ok,1536883200,144436,THRM,2018-09-13 20:00:00
2121,47.85,48.5,47.55,48.25,ok,1537142400,301938,THRM,2018-09-16 20:00:00
2122,47.3,47.95,46.3,47.4,ok,1537228800,364304,THRM,2018-09-17 20:00:00
2123,47.7,48.4,47.25,47.25,ok,1537315200,320427,THRM,2018-09-18 20:00:00
2124,49.15,49.4,48.05,48.05,ok,1537401600,304586,THRM,2018-09-19 20:00:00
2125,48.85,50.3,48.85,49.2,ok,1537488000,550345,THRM,2018-09-20 20:00:00
2126,46.7,49.2,46.55,48.75,ok,1537747200,254348,THRM,2018-09-23 20:00:00
2127,46.7,47.05,45.85,46.55,ok,1537833600,282185,THRM,2018-09-24 20:00:00
2128,46.4,47.8,46.35,46.7,ok,1537920000,417355,THRM,2018-09-25 20:00:00
2129,45.85,46.85,45.8,46.4,ok,1538006400,253264,THRM,2018-09-26 20:00:00
2130,45.45,46.3,45.05,45.7,ok,1538092800,336278,THRM,2018-09-27 20:00:00
2131,45.01,46.8,44.82,45.8,ok,1538352000,437526,THRM,2018-09-30 20:00:00
2132,44.7,46.35,44.66,45.01,ok,1538438400,379749,THRM,2018-10-01 20:00:00
2133,44.68,45.99,44.38,45.02,ok,1538524800,530714,THRM,2018-10-02 20:00:00
2134,43.5,44.78,43.39,44.6,ok,1538611200,321931,THRM,2018-10-03 20:00:00
2135,43.11,43.6242,42.6,43.4,ok,1538697600,363382,THRM,2018-10-04 20:00:00
2136,43.69,43.84,42.92,42.95,ok,1538956800,396286,THRM,2018-10-07 20:00:00
2137,42.7,43.88,42.36,43.5,ok,1539043200,364490,THRM,2018-10-08 20:00:00
2138,40.04,42.58,39.94,42.58,ok,1539129600,341322,THRM,2018-10-09 20:00:00
2139,39.6,40.86,39.34,39.97,ok,1539216000,395977,THRM,2018-10-10 20:00:00
2140,39.93,40.4,39.3,40.27,ok,1539302400,257571,THRM,2018-10-11 20:00:00
2141,39.92,40.09,39.25,39.89,ok,1539561600,216669,THRM,2018-10-14 20:00:00
2142,40.98,41.07,39.48,40.03,ok,1539648000,296496,THRM,2018-10-15 20:00:00
2143,39.92,40.83,39.52,40.83,ok,1539734400,227697,THRM,2018-10-16 20:00:00
2144,39.14,39.95,39.04,39.79,ok,1539820800,174871,THRM,2018-10-17 20:00:00
2145,38.75,39.56,38.0,38.22,ok,1539907200,286360,THRM,2018-10-18 20:00:00
2146,38.78,39.49,38.64,38.78,ok,1540166400,231366,THRM,2018-10-21 20:00:00
2147,39.08,39.61,38.05,38.26,ok,1540252800,334120,THRM,2018-10-22 20:00:00
2148,37.37,39.28,37.19,39.05,ok,1540339200,299316,THRM,2018-10-23 20:00:00
2149,40.53,42.21,36.88,37.25,ok,1540425600,890401,THRM,2018-10-24 20:00:00
2150,42.34,43.035,39.27,39.27,ok,1540512000,617709,THRM,2018-10-25 20:00:00
2151,43.33,44.72,42.585,43.14,ok,1540771200,584532,THRM,2018-10-28 20:00:00
2152,43.97,44.38,43.23,43.32,ok,1540857600,267592,THRM,2018-10-29 20:00:00
2153,43.64,45.0,43.55,44.57,ok,1540944000,337721,THRM,2018-10-30 20:00:00
2154,43.92,44.37,43.57,44.04,ok,1541030400,281844,THRM,2018-10-31 20:00:00
2155,44.2,44.23,43.16,43.99,ok,1541116800,344280,THRM,2018-11-01 20:00:00
2156,43.47,44.425,43.09,44.3,ok,1541376000,178559,THRM,2018-11-04 19:00:00
2157,43.98,44.28,43.362,43.47,ok,1541462400,210328,THRM,2018-11-05 19:00:00
2158,44.34,44.5,43.24,44.0,ok,1541548800,256323,THRM,2018-11-06 19:00:00
2159,44.75,45.22,44.08,44.24,ok,1541635200,189554,THRM,2018-11-07 19:00:00
2160,43.53,44.52,42.16,44.52,ok,1541721600,163138,THRM,2018-11-08 19:00:00
2161,43.0,44.34,42.95,43.52,ok,1541980800,184712,THRM,2018-11-11 19:00:00
2162,44.23,45.16,43.17,43.17,ok,1542067200,286292,THRM,2018-11-12 19:00:00
2163,43.66,45.13,43.6,44.57,ok,1542153600,197102,THRM,2018-11-13 19:00:00
2164,43.83,44.3125,42.36,43.47,ok,1542240000,214805,THRM,2018-11-14 19:00:00
2165,44.15,44.22,42.89,43.38,ok,1542326400,200806,THRM,2018-11-15 19:00:00
2166,44.27,44.7375,43.6,44.1,ok,1542585600,190752,THRM,2018-11-18 19:00:00
2167,43.91,44.63,43.37,43.89,ok,1542672000,206408,THRM,2018-11-19 19:00:00
2168,44.52,45.57,43.63,44.16,ok,1542758400,160283,THRM,2018-11-20 19:00:00
2169,44.29,44.98,44.14,44.16,ok,1542931200,75373,THRM,2018-11-22 19:00:00
2170,45.19,45.24,44.47,44.72,ok,1543190400,215216,THRM,2018-11-25 19:00:00
2171,44.77,45.09,44.02,44.87,ok,1543276800,210067,THRM,2018-11-26 19:00:00
2172,45.7,45.9,44.38,44.88,ok,1543363200,269606,THRM,2018-11-27 19:00:00
2173,45.9,46.07,44.33,45.48,ok,1543449600,221644,THRM,2018-11-28 19:00:00
2174,46.43,46.69,45.405,45.71,ok,1543536000,316269,THRM,2018-11-29 19:00:00
2175,46.4,47.3,45.64,47.0,ok,1543795200,338262,THRM,2018-12-02 19:00:00
2176,44.66,46.35,43.9727,46.22,ok,1543881600,298497,THRM,2018-12-03 19:00:00
2177,42.64,44.16,42.39,43.71,ok,1544054400,487760,THRM,2018-12-05 19:00:00
2178,41.06,43.29,40.98,42.78,ok,1544140800,482302,THRM,2018-12-06 19:00:00
2179,40.65,41.2,39.96,40.92,ok,1544400000,320270,THRM,2018-12-09 19:00:00
2180,41.46,42.335,40.84,41.24,ok,1544486400,330187,THRM,2018-12-10 19:00:00
2181,42.58,43.29,41.8,41.8,ok,1544572800,183062,THRM,2018-12-11 19:00:00
2182,42.27,42.98,41.83,42.6,ok,1544659200,342731,THRM,2018-12-12 19:00:00
2183,41.26,42.6,41.05,41.91,ok,1544745600,276847,THRM,2018-12-13 19:00:00
2184,40.75,42.07,40.57,41.15,ok,1545004800,457332,THRM,2018-12-16 19:00:00
2185,40.45,41.62,39.5,41.18,ok,1545091200,274746,THRM,2018-12-17 19:00:00
2186,40.02,41.81,39.7393,40.57,ok,1545177600,265612,THRM,2018-12-18 19:00:00
2187,39.89,40.66,39.27,39.87,ok,1545264000,249310,THRM,2018-12-19 19:00:00
2188,39.9,40.26,39.35,39.98,ok,1545350400,1050872,THRM,2018-12-20 19:00:00
2189,38.4,40.145,38.33,39.9,ok,1545609600,110649,THRM,2018-12-23 19:00:00
2190,38.42,39.065,37.68,38.6,ok,1545782400,533670,THRM,2018-12-25 19:00:00
2191,39.14,39.61,37.48,37.89,ok,1545868800,318464,THRM,2018-12-26 19:00:00
2192,39.3,40.18,39.15,39.24,ok,1545955200,568108,THRM,2018-12-27 19:00:00
2193,39.98,39.98,38.84,39.45,ok,1546214400,235460,THRM,2018-12-30 19:00:00
2194,40.64,40.655,38.77,39.33,ok,1546387200,486888,THRM,2019-01-01 19:00:00
2195,38.32,41.135,38.26,40.39,ok,1546473600,347464,THRM,2019-01-02 19:00:00
2196,40.04,40.48,38.73,38.82,ok,1546560000,420985,THRM,2019-01-03 19:00:00
2197,39.56,40.37,38.86,38.95,ok,1546819200,453290,THRM,2019-01-06 19:00:00
2198,41.25,41.45,39.93,40.16,ok,1546905600,351875,THRM,2019-01-07 19:00:00
2199,43.21,43.37,41.35,41.45,ok,1546992000,375918,THRM,2019-01-08 19:00:00
2200,43.13,43.28,42.52,43.18,ok,1547078400,228170,THRM,2019-01-09 19:00:00
2201,42.57,43.37,42.15,43.18,ok,1547164800,159428,THRM,2019-01-10 19:00:00
2202,42.48,43.08,42.28,42.28,ok,1547424000,146397,THRM,2019-01-13 19:00:00
2203,42.68,43.01,41.8714,42.4,ok,1547510400,115307,THRM,2019-01-14 19:00:00
2204,42.73,43.66,41.565,42.69,ok,1547596800,187470,THRM,2019-01-15 19:00:00
2205,43.09,43.12,42.13,42.44,ok,1547683200,243215,THRM,2019-01-16 19:00:00
2206,43.84,44.07,42.885,43.08,ok,1547769600,142112,THRM,2019-01-17 19:00:00
2207,42.9,43.8,42.76,43.5,ok,1548115200,201475,THRM,2019-01-21 19:00:00
2208,42.12,43.25,41.82,42.9,ok,1548201600,163145,THRM,2019-01-22 19:00:00
2209,42.06,42.705,42.05,42.08,ok,1548288000,191248,THRM,2019-01-23 19:00:00
2210,42.55,42.88,42.3,42.4,ok,1548374400,285245,THRM,2019-01-24 19:00:00
2211,42.11,42.57,41.85,42.32,ok,1548633600,103618,THRM,2019-01-27 19:00:00
2212,41.8,42.17,41.78,42.12,ok,1548720000,116338,THRM,2019-01-28 19:00:00
2213,41.29,41.53,39.53,41.42,ok,1548806400,601688,THRM,2019-01-29 19:00:00
2214,42.56,42.63,40.63,41.21,ok,1548892800,432951,THRM,2019-01-30 19:00:00
2215,42.69,42.93,42.03,42.68,ok,1548979200,200401,THRM,2019-01-31 19:00:00
2216,42.98,43.04,42.06,42.58,ok,1549238400,137130,THRM,2019-02-03 19:00:00
2217,42.63,43.18,42.18,43.09,ok,1549324800,119790,THRM,2019-02-04 19:00:00
2218,42.1,42.66,42.05,42.62,ok,1549411200,158518,THRM,2019-02-05 19:00:00
2219,40.96,41.83,40.29,41.83,ok,1549497600,210696,THRM,2019-02-06 19:00:00
2220,40.32,40.84,40.1,40.7,ok,1549584000,210056,THRM,2019-02-07 19:00:00
2221,40.85,40.87,39.9,40.32,ok,1549843200,206939,THRM,2019-02-10 19:00:00
2222,42.19,42.42,41.15,41.19,ok,1549929600,202979,THRM,2019-02-11 19:00:00
2223,42.48,42.82,42.115,42.2,ok,1550016000,167632,THRM,2019-02-12 19:00:00
2224,42.31,42.645,42.1,42.19,ok,1550102400,127441,THRM,2019-02-13 19:00:00
2225,42.62,43.24,41.95,42.57,ok,1550188800,148430,THRM,2019-02-14 19:00:00
2226,43.01,43.3,42.3,42.59,ok,1550534400,158422,THRM,2019-02-18 19:00:00
2227,42.88,43.13,42.38,42.94,ok,1550620800,255981,THRM,2019-02-19 19:00:00
2228,41.76,44.92,39.5338,40.84,ok,1550707200,590800,THRM,2019-02-20 19:00:00
2229,42.78,42.82,41.6124,41.76,ok,1550793600,213588,THRM,2019-02-21 19:00:00
2230,42.4,43.6,42.36,42.86,ok,1551052800,209656,THRM,2019-02-24 19:00:00
2231,42.78,43.04,42.29,42.38,ok,1551139200,230119,THRM,2019-02-25 19:00:00
2232,40.89,42.64,40.84,42.64,ok,1551225600,244742,THRM,2019-02-26 19:00:00
2233,41.0,41.34,40.1752,40.96,ok,1551312000,192278,THRM,2019-02-27 19:00:00
2234,41.62,41.7,40.77,41.12,ok,1551398400,157270,THRM,2019-02-28 19:00:00
2235,41.55,41.83,41.04,41.67,ok,1551657600,291436,THRM,2019-03-03 19:00:00
2236,40.81,41.49,40.71,41.49,ok,1551744000,142445,THRM,2019-03-04 19:00:00
2237,38.55,40.77,38.5138,40.77,ok,1551830400,166436,THRM,2019-03-05 19:00:00
2238,38.4,38.72,37.93,38.5,ok,1551916800,138026,THRM,2019-03-06 19:00:00
2239,38.43,38.55,38.03,38.04,ok,1552003200,115820,THRM,2019-03-07 19:00:00
2240,38.8,38.85,38.02,38.56,ok,1552262400,265830,THRM,2019-03-10 20:00:00
2241,38.32,39.01,38.14,38.84,ok,1552348800,189110,THRM,2019-03-11 20:00:00
2242,38.26,38.685,38.145,38.47,ok,1552435200,288207,THRM,2019-03-12 20:00:00
2243,37.6,38.28,37.43,38.24,ok,1552521600,274583,THRM,2019-03-13 20:00:00
2244,37.99,38.64,37.56,37.77,ok,1552608000,584947,THRM,2019-03-14 20:00:00
2245,37.76,38.45,37.265,38.14,ok,1552867200,233986,THRM,2019-03-17 20:00:00
2246,37.65,38.24,37.54,37.99,ok,1552953600,130824,THRM,2019-03-18 20:00:00
2247,37.52,38.23,37.17,37.65,ok,1553040000,264685,THRM,2019-03-19 20:00:00
2248,37.97,38.08,37.28,37.43,ok,1553126400,165486,THRM,2019-03-20 20:00:00
2249,36.63,37.74,36.52,37.74,ok,1553212800,193699,THRM,2019-03-21 20:00:00
2250,36.8,37.02,36.16,36.47,ok,1553472000,159837,THRM,2019-03-24 20:00:00
2251,36.87,37.16,36.56,36.96,ok,1553558400,175956,THRM,2019-03-25 20:00:00
2252,36.86,37.22,36.25,36.96,ok,1553644800,170743,THRM,2019-03-26 20:00:00
2253,37.12,37.575,36.545,36.95,ok,1553731200,212560,THRM,2019-03-27 20:00:00
2254,36.86,37.32,36.55,37.28,ok,1553817600,183236,THRM,2019-03-28 20:00:00
2255,38.08,38.1,36.98,37.08,ok,1554076800,151923,THRM,2019-03-31 20:00:00
2256,38.24,38.34,37.47,38.09,ok,1554163200,175261,THRM,2019-04-01 20:00:00
2257,39.05,39.7,38.61,38.61,ok,1554249600,250248,THRM,2019-04-02 20:00:00
2258,39.81,39.96,38.93,39.06,ok,1554336000,178445,THRM,2019-04-03 20:00:00
2259,39.63,40.31,39.46,39.82,ok,1554422400,162910,THRM,2019-04-04 20:00:00
2260,39.97,40.05,39.19,39.6,ok,1554681600,105400,THRM,2019-04-07 20:00:00
2261,39.76,40.175,39.63,39.86,ok,1554768000,107809,THRM,2019-04-08 20:00:00
2262,40.43,40.615,39.75,39.77,ok,1554854400,139763,THRM,2019-04-09 20:00:00
2263,40.84,40.935,40.31,40.47,ok,1554940800,150848,THRM,2019-04-10 20:00:00
2264,41.46,41.985,41.0,41.18,ok,1555027200,162878,THRM,2019-04-11 20:00:00
2265,41.4,41.77,41.03,41.49,ok,1555286400,130518,THRM,2019-04-14 20:00:00
2266,41.88,42.175,41.48,41.48,ok,1555372800,141932,THRM,2019-04-15 20:00:00
2267,43.11,43.39,42.08,42.08,ok,1555459200,378583,THRM,2019-04-16 20:00:00
2268,42.89,43.11,41.19,42.9,ok,1555545600,214821,THRM,2019-04-17 20:00:00
2269,41.78,42.945,41.68,42.7,ok,1555891200,201454,THRM,2019-04-21 20:00:00
2270,42.31,42.855,41.33,41.91,ok,1555977600,256651,THRM,2019-04-22 20:00:00
2271,42.64,42.9,42.18,42.29,ok,1556064000,132098,THRM,2019-04-23 20:00:00
2272,41.03,42.6,40.77,42.6,ok,1556150400,138988,THRM,2019-04-24 20:00:00
2273,41.89,41.97,40.89,41.24,ok,1556236800,89157,THRM,2019-04-25 20:00:00
2274,41.58,42.32,41.37,41.81,ok,1556496000,162897,THRM,2019-04-28 20:00:00
2275,42.36,44.76,41.995,44.18,ok,1556582400,502453,THRM,2019-04-29 20:00:00
2276,41.48,42.8,41.07,42.46,ok,1556668800,425335,THRM,2019-04-30 20:00:00
2277,40.88,41.95,40.7,41.27,ok,1556755200,157575,THRM,2019-05-01 20:00:00
2278,41.57,41.65,40.99,41.08,ok,1556841600,257314,THRM,2019-05-02 20:00:00
2279,41.64,41.77,40.385,40.71,ok,1557100800,241634,THRM,2019-05-05 20:00:00
2280,40.62,41.55,40.31,41.15,ok,1557187200,231652,THRM,2019-05-06 20:00:00
2281,40.73,41.24,40.56,40.66,ok,1557273600,147082,THRM,2019-05-07 20:00:00
2282,40.74,40.97,39.66,40.25,ok,1557360000,166840,THRM,2019-05-08 20:00:00
2283,40.9,40.93,39.96,40.57,ok,1557446400,151875,THRM,2019-05-09 20:00:00
2284,39.95,40.245,39.42,40.03,ok,1557705600,163411,THRM,2019-05-12 20:00:00
2285,40.31,40.65,39.83,40.08,ok,1557792000,134872,THRM,2019-05-13 20:00:00
2286,40.33,40.61,39.62,39.92,ok,1557878400,191457,THRM,2019-05-14 20:00:00
2287,40.16,40.56,40.0,40.26,ok,1557964800,126730,THRM,2019-05-15 20:00:00
2288,39.74,40.28,39.74,39.8,ok,1558051200,193324,THRM,2019-05-16 20:00:00
2289,38.76,39.63,38.72,39.36,ok,1558310400,228149,THRM,2019-05-19 20:00:00
2290,39.17,39.53,38.81,38.81,ok,1558396800,175181,THRM,2019-05-20 20:00:00
2291,38.31,39.1,38.12,38.96,ok,1558483200,184392,THRM,2019-05-21 20:00:00
2292,38.17,38.17,37.34,37.93,ok,1558569600,192488,THRM,2019-05-22 20:00:00
2293,38.95,39.11,38.17,38.48,ok,1558656000,174397,THRM,2019-05-23 20:00:00
2294,39.19,39.66,39.08,39.15,ok,1559001600,137332,THRM,2019-05-27 20:00:00
2295,39.21,39.38,38.61,38.88,ok,1559088000,124227,THRM,2019-05-28 20:00:00
2296,39.09,39.62,39.03,39.2,ok,1559174400,123646,THRM,2019-05-29 20:00:00
2297,37.38,38.165,36.66,38.09,ok,1559260800,236968,THRM,2019-05-30 20:00:00
2298,37.7,38.19,37.36,37.38,ok,1559520000,198185,THRM,2019-06-02 20:00:00
2299,38.96,39.24,38.1,38.1,ok,1559606400,156944,THRM,2019-06-03 20:00:00
2300,38.71,39.1,38.07,39.1,ok,1559692800,195007,THRM,2019-06-04 20:00:00
2301,38.44,38.825,38.05,38.72,ok,1559779200,130938,THRM,2019-06-05 20:00:00
2302,39.75,39.96,38.4,38.43,ok,1559865600,197199,THRM,2019-06-06 20:00:00
2303,39.94,40.655,39.79,40.03,ok,1560124800,147661,THRM,2019-06-09 20:00:00
2304,39.84,40.73,39.73,40.35,ok,1560211200,130133,THRM,2019-06-10 20:00:00
2305,39.67,39.96,39.28,39.85,ok,1560297600,91458,THRM,2019-06-11 20:00:00
2306,39.42,39.79,38.95,39.79,ok,1560384000,153988,THRM,2019-06-12 20:00:00
2307,39.0,39.48,38.98,39.29,ok,1560470400,139080,THRM,2019-06-13 20:00:00
2308,38.76,39.39,38.62,39.01,ok,1560729600,149781,THRM,2019-06-16 20:00:00
2309,39.48,39.8,38.84,38.96,ok,1560816000,141962,THRM,2019-06-17 20:00:00
2310,40.53,40.57,39.32,39.44,ok,1560902400,168509,THRM,2019-06-18 20:00:00
2311,41.77,42.95,40.66,40.95,ok,1560988800,249594,THRM,2019-06-19 20:00:00
2312,41.1,42.25,41.09,41.6,ok,1561075200,307746,THRM,2019-06-20 20:00:00
2313,41.32,41.765,40.89,41.1,ok,1561334400,183559,THRM,2019-06-23 20:00:00
2314,40.32,41.6,40.2,41.33,ok,1561420800,152201,THRM,2019-06-24 20:00:00
2315,40.65,41.055,40.38,40.46,ok,1561507200,132038,THRM,2019-06-25 20:00:00
2316,41.45,41.485,40.72,40.85,ok,1561593600,189051,THRM,2019-06-26 20:00:00
2317,41.83,42.0,41.45,41.45,ok,1561680000,1518553,THRM,2019-06-27 20:00:00
2318,42.15,42.3,41.68,41.81,ok,1561939200,164962,THRM,2019-06-30 20:00:00
2319,41.21,42.25,41.02,42.19,ok,1562025600,114735,THRM,2019-07-01 20:00:00
2320,40.84,41.41,40.43,41.41,ok,1562112000,81961,THRM,2019-07-02 20:00:00
2321,40.63,40.9,40.04,40.68,ok,1562284800,128481,THRM,2019-07-04 20:00:00
2322,40.13,40.8,38.2978,40.43,ok,1562544000,183920,THRM,2019-07-07 20:00:00
2323,39.55,40.02,39.44,39.89,ok,1562630400,181613,THRM,2019-07-08 20:00:00
2324,39.7,40.16,39.3,39.88,ok,1562716800,190099,THRM,2019-07-09 20:00:00
2325,39.25,39.87,39.14,39.77,ok,1562803200,104390,THRM,2019-07-10 20:00:00
2326,40.19,40.49,39.45,39.46,ok,1562889600,114222,THRM,2019-07-11 20:00:00
2327,40.14,40.38,39.48,40.38,ok,1563148800,163467,THRM,2019-07-14 20:00:00
2328,39.39,40.61,39.33,39.93,ok,1563235200,277727,THRM,2019-07-15 20:00:00
2329,38.85,39.69,38.85,39.36,ok,1563321600,162311,THRM,2019-07-16 20:00:00
2330,38.79,38.98,38.21,38.66,ok,1563408000,131680,THRM,2019-07-17 20:00:00
2331,39.04,40.55,38.73,38.73,ok,1563494400,162185,THRM,2019-07-18 20:00:00
2332,39.3,40.24,39.19,39.19,ok,1563753600,154608,THRM,2019-07-21 20:00:00
2333,40.23,40.56,39.425,39.7,ok,1563840000,215998,THRM,2019-07-22 20:00:00
2334,41.28,41.395,39.945,40.13,ok,1563926400,260374,THRM,2019-07-23 20:00:00
2335,39.0,40.835,38.06,39.01,ok,1564012800,644892,THRM,2019-07-24 20:00:00
2336,41.7,41.96,38.86,38.86,ok,1564099200,377611,THRM,2019-07-25 20:00:00
2337,40.8,41.66,40.34,40.72,ok,1564358400,227331,THRM,2019-07-28 20:00:00
2338,41.48,41.52,39.9,40.44,ok,1564444800,262032,THRM,2019-07-29 20:00:00
2339,40.91,42.315,40.55,41.68,ok,1564531200,284707,THRM,2019-07-30 20:00:00
2340,39.72,41.5,39.56,40.98,ok,1564617600,191041,THRM,2019-07-31 20:00:00
2341,39.13,39.41,38.855,39.37,ok,1564704000,245085,THRM,2019-08-01 20:00:00
2342,38.27,38.79,38.02,38.49,ok,1564963200,222370,THRM,2019-08-04 20:00:00
2343,38.72,39.1,37.9,38.64,ok,1565049600,194046,THRM,2019-08-05 20:00:00
2344,38.46,38.59,38.05,38.2,ok,1565136000,131399,THRM,2019-08-06 20:00:00
2345,38.76,39.07,38.59,38.62,ok,1565222400,155241,THRM,2019-08-07 20:00:00
2346,38.6,38.91,37.9,38.7,ok,1565308800,127736,THRM,2019-08-08 20:00:00
2347,37.94,38.73,37.9,38.29,ok,1565568000,126846,THRM,2019-08-11 20:00:00
2348,38.54,39.05,37.65,37.82,ok,1565654400,87466,THRM,2019-08-12 20:00:00
2349,37.37,38.12,37.165,37.86,ok,1565740800,147894,THRM,2019-08-13 20:00:00
2350,36.86,37.53,36.74,37.53,ok,1565827200,126006,THRM,2019-08-14 20:00:00
2351,37.57,37.92,36.68,37.17,ok,1565913600,136976,THRM,2019-08-15 20:00:00
2352,37.6,38.43,37.55,38.16,ok,1566172800,127874,THRM,2019-08-18 20:00:00
2353,37.24,37.64,37.215,37.58,ok,1566259200,127806,THRM,2019-08-19 20:00:00
2354,37.57,37.79,37.28,37.66,ok,1566345600,118612,THRM,2019-08-20 20:00:00
2355,37.46,37.95,37.16,37.8,ok,1566432000,128794,THRM,2019-08-21 20:00:00
2356,36.19,37.51,36.06,37.07,ok,1566518400,148805,THRM,2019-08-22 20:00:00
2357,36.27,36.76,36.11,36.58,ok,1566777600,125950,THRM,2019-08-25 20:00:00
2358,35.9,36.59,35.75,36.59,ok,1566864000,143172,THRM,2019-08-26 20:00:00
2359,36.2,36.58,35.76,35.91,ok,1566950400,207551,THRM,2019-08-27 20:00:00
2360,36.87,37.19,36.555,36.6,ok,1567036800,189124,THRM,2019-08-28 20:00:00
2361,36.7,37.465,36.43,37.25,ok,1567123200,149728,THRM,2019-08-29 20:00:00
2362,36.16,36.46,35.63,36.41,ok,1567468800,194652,THRM,2019-09-02 20:00:00
2363,36.56,36.75,36.24,36.65,ok,1567555200,176774,THRM,2019-09-03 20:00:00
2364,38.45,38.48,37.035,37.16,ok,1567641600,257368,THRM,2019-09-04 20:00:00
2365,39.24,39.43,38.6,38.8,ok,1567728000,137047,THRM,2019-09-05 20:00:00
2366,40.61,40.76,39.385,39.48,ok,1567987200,166899,THRM,2019-09-08 20:00:00
2367,41.83,41.91,40.22,40.47,ok,1568073600,188536,THRM,2019-09-09 20:00:00
2368,42.5,42.57,41.16,42.09,ok,1568160000,140309,THRM,2019-09-10 20:00:00
2369,42.71,42.75,41.6,42.56,ok,1568246400,204826,THRM,2019-09-11 20:00:00
2370,42.7,43.09,42.23,42.9,ok,1568332800,290314,THRM,2019-09-12 20:00:00
2371,42.21,43.06,41.66,42.6,ok,1568592000,134684,THRM,2019-09-15 20:00:00
2372,42.34,42.39,41.39,42.1,ok,1568678400,93251,THRM,2019-09-16 20:00:00
2373,42.0,42.4,41.62,42.4,ok,1568764800,131538,THRM,2019-09-17 20:00:00
2374,41.85,42.58,41.795,42.16,ok,1568851200,122523,THRM,2019-09-18 20:00:00
2375,41.09,42.03,40.85,41.79,ok,1568937600,516907,THRM,2019-09-19 20:00:00
2376,40.98,41.47,40.86,40.86,ok,1569196800,151231,THRM,2019-09-22 20:00:00
2377,40.44,41.34,40.35,41.18,ok,1569283200,152989,THRM,2019-09-23 20:00:00
2378,40.98,41.16,39.875,40.5,ok,1569369600,115132,THRM,2019-09-24 20:00:00
2379,40.87,41.1,40.55,41.1,ok,1569456000,88360,THRM,2019-09-25 20:00:00
2380,40.75,41.19,40.25,41.12,ok,1569542400,199407,THRM,2019-09-26 20:00:00
2381,41.085,41.69,40.7451,40.89,ok,1569801600,158552,THRM,2019-09-29 20:00:00
2382,40.7,41.69,40.52,41.38,ok,1569888000,167340,THRM,2019-09-30 20:00:00
2383,40.26,40.615,39.7,40.55,ok,1569974400,179566,THRM,2019-10-01 20:00:00
2384,39.74,40.08,39.04,40.08,ok,1570060800,82583,THRM,2019-10-02 20:00:00
2385,39.2,39.93,38.58,39.74,ok,1570147200,178713,THRM,2019-10-03 20:00:00
2386,38.85,39.48,38.65,39.05,ok,1570406400,110495,THRM,2019-10-06 20:00:00
2387,38.81,39.17,38.43,38.44,ok,1570492800,129396,THRM,2019-10-07 20:00:00
2388,39.21,39.45,38.87,39.25,ok,1570579200,79204,THRM,2019-10-08 20:00:00
2389,39.86,40.19,39.38,39.38,ok,1570665600,105591,THRM,2019-10-09 20:00:00
2390,41.09,41.77,40.565,40.58,ok,1570752000,111400,THRM,2019-10-10 20:00:00
2391,41.17,41.19,40.39,40.92,ok,1571011200,86617,THRM,2019-10-13 20:00:00
2392,41.65,41.8,40.65,41.18,ok,1571097600,105263,THRM,2019-10-14 20:00:00
2393,42.06,42.185,41.41,41.57,ok,1571184000,125905,THRM,2019-10-15 20:00:00
2394,42.64,42.765,42.04,42.25,ok,1571270400,119513,THRM,2019-10-16 20:00:00
2395,41.96,42.85,41.96,42.35,ok,1571356800,121252,THRM,2019-10-17 20:00:00
2396,42.38,42.64,42.17,42.32,ok,1571616000,123469,THRM,2019-10-20 20:00:00
2397,42.62,42.7,42.0,42.38,ok,1571702400,164483,THRM,2019-10-21 20:00:00
2398,42.78,42.87,42.21,42.71,ok,1571788800,139925,THRM,2019-10-22 20:00:00
2399,42.34,43.2277,42.31,42.93,ok,1571875200,68532,THRM,2019-10-23 20:00:00
2400,42.78,43.0,42.2959,42.31,ok,1571961600,140679,THRM,2019-10-24 20:00:00
2401,44.67,44.85,43.13,43.13,ok,1572220800,296366,THRM,2019-10-27 20:00:00
2402,44.79,44.79,42.32,44.0,ok,1572307200,296657,THRM,2019-10-28 20:00:00
2403,42.78,44.7,42.68,44.7,ok,1572393600,212429,THRM,2019-10-29 20:00:00
2404,41.77,42.88,41.625,42.88,ok,1572480000,135005,THRM,2019-10-30 20:00:00
2405,41.87,42.3,41.43,42.18,ok,1572566400,179401,THRM,2019-10-31 20:00:00
2406,42.27,42.52,41.82,42.39,ok,1572825600,222139,THRM,2019-11-03 19:00:00
2407,42.47,42.71,42.21,42.63,ok,1572912000,210063,THRM,2019-11-04 19:00:00
2408,42.77,42.93,42.18,42.45,ok,1572998400,185751,THRM,2019-11-05 19:00:00
2409,43.23,43.69,42.95,43.26,ok,1573084800,122700,THRM,2019-11-06 19:00:00
2410,43.72,43.76,42.81,43.2,ok,1573171200,140137,THRM,2019-11-07 19:00:00
2411,43.78,44.07,43.47,43.47,ok,1573430400,134514,THRM,2019-11-10 19:00:00
2412,43.565,44.0,43.42,43.83,ok,1573516800,112656,THRM,2019-11-11 19:00:00
2413,42.41,43.45,42.37,43.18,ok,1573603200,83234,THRM,2019-11-12 19:00:00
2414,42.31,42.785,42.15,42.32,ok,1573689600,71866,THRM,2019-11-13 19:00:00
2415,41.84,42.65,41.57,42.65,ok,1573776000,109402,THRM,2019-11-14 19:00:00
2416,42.095,42.26,41.41,41.67,ok,1574035200,115126,THRM,2019-11-17 19:00:00
2417,41.73,42.4,41.73,42.19,ok,1574121600,83891,THRM,2019-11-18 19:00:00
2418,40.91,41.7,40.7,41.5,ok,1574208000,195112,THRM,2019-11-19 19:00:00
2419,40.68,41.11,40.52,41.11,ok,1574294400,83089,THRM,2019-11-20 19:00:00
2420,40.99,41.13,40.61,40.7,ok,1574380800,72016,THRM,2019-11-21 19:00:00
2421,42.01,42.15,40.88,41.16,ok,1574640000,169764,THRM,2019-11-24 19:00:00
2422,42.05,42.52,41.85,41.85,ok,1574726400,108050,THRM,2019-11-25 19:00:00
2423,42.13,42.38,42.0141,42.02,ok,1574812800,64041,THRM,2019-11-26 19:00:00
2424,41.85,42.25,41.4236,41.77,ok,1574985600,45211,THRM,2019-11-28 19:00:00
2425,41.9,42.5,41.67,41.99,ok,1575244800,99370,THRM,2019-12-01 19:00:00
2426,41.98,42.11,41.15,41.3,ok,1575331200,130458,THRM,2019-12-02 19:00:00
2427,42.975,43.11,42.15,42.16,ok,1575417600,239045,THRM,2019-12-03 19:00:00
2428,43.94,44.08,42.97,42.97,ok,1575504000,200083,THRM,2019-12-04 19:00:00
2429,44.29,44.575,43.91,44.42,ok,1575590400,182763,THRM,2019-12-05 19:00:00
2430,43.82,44.63,43.78,44.55,ok,1575849600,166448,THRM,2019-12-08 19:00:00
2431,43.88,44.35,43.44,43.65,ok,1575936000,84156,THRM,2019-12-09 19:00:00
2432,44.27,44.42,43.87,44.06,ok,1576022400,97422,THRM,2019-12-10 19:00:00
2433,44.97,45.1,44.1,44.41,ok,1576108800,89550,THRM,2019-12-11 19:00:00
2434,44.27,45.13,44.05,44.87,ok,1576195200,73840,THRM,2019-12-12 19:00:00
2435,44.58,45.075,44.47,44.69,ok,1576454400,133004,THRM,2019-12-15 19:00:00
2436,44.96,45.2,44.68,44.79,ok,1576540800,147011,THRM,2019-12-16 19:00:00
2437,45.29,45.4,44.19,44.98,ok,1576627200,191406,THRM,2019-12-17 19:00:00
2438,45.1,45.44,44.97,45.4,ok,1576713600,119649,THRM,2019-12-18 19:00:00
2439,45.09,45.52,44.98,45.1,ok,1576800000,498745,THRM,2019-12-19 19:00:00
2440,44.57,45.32,44.34,45.32,ok,1577059200,84424,THRM,2019-12-22 19:00:00
2441,44.36,44.6,44.1,44.57,ok,1577145600,21965,THRM,2019-12-23 19:00:00
2442,44.41,44.71,43.89,44.43,ok,1577318400,44745,THRM,2019-12-25 19:00:00
2443,44.29,44.63,44.14,44.56,ok,1577404800,64101,THRM,2019-12-26 19:00:00
2444,44.54,45.12,44.08,44.38,ok,1577664000,103156,THRM,2019-12-29 19:00:00
2445,44.39,44.98,44.33,44.4,ok,1577750400,109942,THRM,2019-12-30 19:00:00
2446,45.94,45.96,44.49,44.8,ok,1577923200,198961,THRM,2020-01-01 19:00:00
2447,45.81,45.83,44.865,45.28,ok,1578009600,210464,THRM,2020-01-02 19:00:00
2448,45.83,46.04,45.04,45.3,ok,1578268800,197493,THRM,2020-01-05 19:00:00
2449,45.76,45.95,45.55,45.95,ok,1578355200,94013,THRM,2020-01-06 19:00:00
2450,46.5,46.5,45.615,45.75,ok,1578441600,149902,THRM,2020-01-07 19:00:00
2451,46.0,46.75,45.86,46.5,ok,1578528000,131804,THRM,2020-01-08 19:00:00
2452,45.72,46.12,45.57,46.12,ok,1578614400,88578,THRM,2020-01-09 19:00:00
2453,46.4,46.56,45.5905,45.72,ok,1578873600,118145,THRM,2020-01-12 19:00:00
2454,46.805,46.95,46.2,46.29,ok,1578960000,124841,THRM,2020-01-13 19:00:00
2455,46.82,47.18,46.54,46.63,ok,1579046400,112042,THRM,2020-01-14 19:00:00
2456,47.785,47.9027,46.905,47.12,ok,1579132800,101447,THRM,2020-01-15 19:00:00
2457,48.155,48.21,47.64,48.08,ok,1579219200,127729,THRM,2020-01-16 19:00:00
2458,47.97,48.16,47.4,47.78,ok,1579564800,125533,THRM,2020-01-20 19:00:00
2459,47.85,48.13,47.66,47.96,ok,1579651200,80256,THRM,2020-01-21 19:00:00
2460,48.27,48.43,47.33,47.8,ok,1579737600,134220,THRM,2020-01-22 19:00:00
2461,47.8,48.3727,47.48,48.26,ok,1579824000,88930,THRM,2020-01-23 19:00:00
2462,47.23,47.78,46.59,46.97,ok,1580083200,93045,THRM,2020-01-26 19:00:00
2463,47.66,47.84,47.18,47.67,ok,1580169600,55831,THRM,2020-01-27 19:00:00
2464,47.41,48.4,47.37,47.71,ok,1580256000,115036,THRM,2020-01-28 19:00:00
2465,47.24,47.5,46.73,47.28,ok,1580342400,114277,THRM,2020-01-29 19:00:00
2466,46.11,47.06,46.03,47.06,ok,1580428800,190854,THRM,2020-01-30 19:00:00
2467,46.81,47.025,46.3908,46.56,ok,1580688000,203062,THRM,2020-02-02 19:00:00
2468,46.89,47.37,46.79,47.32,ok,1580774400,145334,THRM,2020-02-03 19:00:00
2469,48.27,48.46,47.05,47.32,ok,1580860800,286962,THRM,2020-02-04 19:00:00
2470,47.965,48.61,47.85,48.48,ok,1580947200,142139,THRM,2020-02-05 19:00:00
2471,47.63,47.79,47.11,47.62,ok,1581033600,153942,THRM,2020-02-06 19:00:00
2472,47.85,47.85,47.37,47.61,ok,1581292800,98605,THRM,2020-02-09 19:00:00
2473,48.24,48.37,47.86,47.97,ok,1581379200,104387,THRM,2020-02-10 19:00:00
2474,48.98,49.12,48.14,48.6,ok,1581465600,211565,THRM,2020-02-11 19:00:00
2475,49.1,49.15,48.66,48.92,ok,1581552000,183597,THRM,2020-02-12 19:00:00
2476,47.52,49.39,47.51,49.39,ok,1581638400,117724,THRM,2020-02-13 19:00:00
2477,46.16,47.62,45.95,47.33,ok,1581984000,151326,THRM,2020-02-17 19:00:00
2478,48.95,49.95,46.38,49.95,ok,1582070400,301951,THRM,2020-02-18 19:00:00
2479,48.5,49.2,45.3,49.19,ok,1582156800,194873,THRM,2020-02-19 19:00:00
2480,48.36,49.84,48.34,49.81,ok,1582243200,197947,THRM,2020-02-20 19:00:00
2481,46.27,47.605,45.84,46.62,ok,1582502400,112124,THRM,2020-02-23 19:00:00
2482,44.99,46.57,44.54,46.3,ok,1582588800,200308,THRM,2020-02-24 19:00:00
2483,44.35,45.43,43.71,45.35,ok,1582675200,110850,THRM,2020-02-25 19:00:00
2484,42.19,44.48,42.19,43.26,ok,1582761600,265179,THRM,2020-02-26 19:00:00
2485,40.78,42.0,40.11,40.8,ok,1582848000,360404,THRM,2020-02-27 19:00:00
2486,42.07,42.08,40.255,41.02,ok,1583107200,201627,THRM,2020-03-01 19:00:00
2487,41.62,43.01,40.97,41.95,ok,1583193600,181178,THRM,2020-03-02 19:00:00
2488,42.52,42.66,41.21,42.07,ok,1583280000,110684,THRM,2020-03-03 19:00:00
2489,41.44,41.95,40.88,41.45,ok,1583366400,149437,THRM,2020-03-04 19:00:00
2490,40.85,41.57,40.1,40.1,ok,1583452800,144962,THRM,2020-03-05 19:00:00
2491,38.09,39.9129,38.0,38.24,ok,1583712000,210049,THRM,2020-03-08 20:00:00
2492,39.44,39.5,37.19,39.23,ok,1583798400,199404,THRM,2020-03-09 20:00:00
2493,37.85,38.98,37.49,38.39,ok,1583884800,207308,THRM,2020-03-10 20:00:00
2494,33.9,37.17,33.76,35.61,ok,1583971200,283266,THRM,2020-03-11 20:00:00
2495,35.67,36.52,32.96,35.79,ok,1584057600,238014,THRM,2020-03-12 20:00:00
2496,32.07,35.48,31.94,32.25,ok,1584316800,277565,THRM,2020-03-15 20:00:00
2497,34.12,35.595,31.79,32.53,ok,1584403200,346515,THRM,2020-03-16 20:00:00
2498,29.03,32.85,27.93,32.3,ok,1584489600,217242,THRM,2020-03-17 20:00:00
2499,29.37,31.39,27.31,28.71,ok,1584576000,323165,THRM,2020-03-18 20:00:00
2500,28.31,31.57,27.98,29.38,ok,1584662400,424353,THRM,2020-03-19 20:00:00
2501,29.04,29.47,27.24,28.91,ok,1584921600,213785,THRM,2020-03-22 20:00:00
2502,32.55,33.59,30.595,30.86,ok,1585008000,290875,THRM,2020-03-23 20:00:00
2503,32.36,33.1,30.8,32.35,ok,1585094400,315590,THRM,2020-03-24 20:00:00
2504,33.69,33.69,31.99,32.65,ok,1585180800,226295,THRM,2020-03-25 20:00:00
2505,32.44,34.02,32.39,32.41,ok,1585267200,249132,THRM,2020-03-26 20:00:00
2506,32.91,33.545,32.21,32.7,ok,1585526400,227796,THRM,2020-03-29 20:00:00
2507,31.4,32.98,30.7226,32.82,ok,1585612800,350265,THRM,2020-03-30 20:00:00
2508,29.5,31.8,29.41,30.17,ok,1585699200,238536,THRM,2020-03-31 20:00:00
2509,30.21,31.04,28.72,29.21,ok,1585785600,164691,THRM,2020-04-01 20:00:00
2510,28.65,30.93,28.29,30.15,ok,1585872000,299227,THRM,2020-04-02 20:00:00
2511,30.33,31.03,29.57,30.1,ok,1586131200,439770,THRM,2020-04-05 20:00:00
2512,32.85,33.05,31.16,31.46,ok,1586217600,216747,THRM,2020-04-06 20:00:00
2513,34.98,35.3,32.7801,33.53,ok,1586304000,165395,THRM,2020-04-07 20:00:00
2514,36.79,36.97,35.61,36.26,ok,1586390400,156138,THRM,2020-04-08 20:00:00
2515,35.95,36.855,34.915,36.44,ok,1586736000,155061,THRM,2020-04-12 20:00:00
2516,35.79,37.01,35.49,36.95,ok,1586822400,116954,THRM,2020-04-13 20:00:00
2517,34.2,35.42,34.11,34.56,ok,1586908800,119816,THRM,2020-04-14 20:00:00
2518,34.05,35.36,33.39,34.25,ok,1586995200,180619,THRM,2020-04-15 20:00:00
2519,35.0,35.7,34.61,35.27,ok,1587081600,152765,THRM,2020-04-16 20:00:00
2520,34.34,34.69,33.71,34.22,ok,1587340800,198073,THRM,2020-04-19 20:00:00
2521,32.93,33.54,32.7,33.11,ok,1587427200,152086,THRM,2020-04-20 20:00:00
2522,33.89,34.185,33.39,33.67,ok,1587513600,153788,THRM,2020-04-21 20:00:00
2523,34.13,34.85,33.55,33.91,ok,1587600000,129547,THRM,2020-04-22 20:00:00
2524,34.33,34.72,34.09,34.48,ok,1587686400,190970,THRM,2020-04-23 20:00:00
2525,35.54,35.7,34.59,34.78,ok,1587945600,203964,THRM,2020-04-26 20:00:00
2526,36.54,37.1866,36.005,36.47,ok,1588032000,185501,THRM,2020-04-27 20:00:00
2527,38.55,39.21,37.63,37.81,ok,1588118400,211545,THRM,2020-04-28 20:00:00
2528,37.44,37.89,36.58,37.74,ok,1588204800,248566,THRM,2020-04-29 20:00:00
2529,36.01,37.24,35.28,36.49,ok,1588291200,156336,THRM,2020-04-30 20:00:00
2530,36.52,36.77,35.24,35.73,ok,1588550400,183334,THRM,2020-05-03 20:00:00
2531,37.33,38.27,36.88,37.23,ok,1588636800,173427,THRM,2020-05-04 20:00:00
2532,37.33,38.34,37.1,37.85,ok,1588723200,220357,THRM,2020-05-05 20:00:00
2533,36.9,38.0,35.47,37.62,ok,1588809600,235491,THRM,2020-05-06 20:00:00
2534,39.09,39.67,37.5675,37.87,ok,1588896000,244500,THRM,2020-05-07 20:00:00
2535,39.12,39.27,37.26,39.0,ok,1589155200,270389,THRM,2020-05-10 20:00:00
2536,38.18,39.5,37.6301,39.26,ok,1589241600,299276,THRM,2020-05-11 20:00:00
2537,37.0,38.22,36.36,38.22,ok,1589328000,218658,THRM,2020-05-12 20:00:00
2538,37.29,37.31,35.545,36.01,ok,1589414400,159054,THRM,2020-05-13 20:00:00
2539,37.62,38.04,36.68,37.11,ok,1589500800,544094,THRM,2020-05-14 20:00:00
2540,39.95,40.825,39.26,39.26,ok,1589760000,277424,THRM,2020-05-17 20:00:00
2541,38.83,40.39,38.83,39.58,ok,1589846400,148962,THRM,2020-05-18 20:00:00
2542,39.71,40.015,39.03,39.69,ok,1589932800,261679,THRM,2020-05-19 20:00:00
2543,39.63,39.94,39.25,39.61,ok,1590019200,177288,THRM,2020-05-20 20:00:00
2544,39.65,39.89,39.15,39.89,ok,1590105600,99364,THRM,2020-05-21 20:00:00
2545,41.52,41.93,40.75,41.25,ok,1590451200,162152,THRM,2020-05-25 20:00:00
2546,42.4,42.875,41.86,42.56,ok,1590537600,162634,THRM,2020-05-26 20:00:00
2547,40.735,43.12,40.61,43.07,ok,1590624000,279098,THRM,2020-05-27 20:00:00
2548,40.7,40.8,39.67,40.36,ok,1590710400,264794,THRM,2020-05-28 20:00:00
2549,40.56,41.45,40.54,41.03,ok,1590969600,253853,THRM,2020-05-31 20:00:00
2550,41.54,41.78,40.2,40.76,ok,1591056000,164378,THRM,2020-06-01 20:00:00
2551,42.69,43.72,41.77,42.41,ok,1591142400,209394,THRM,2020-06-02 20:00:00
2552,43.27,43.615,41.312,42.54,ok,1591228800,168876,THRM,2020-06-03 20:00:00
2553,44.52,45.42,43.76,45.21,ok,1591315200,223722,THRM,2020-06-04 20:00:00
2554,44.68,45.4,44.52,45.0,ok,1591574400,132988,THRM,2020-06-07 20:00:00
2555,43.81,44.67,43.5,43.85,ok,1591660800,115380,THRM,2020-06-08 20:00:00
2556,43.0,43.78,42.66,43.75,ok,1591747200,119612,THRM,2020-06-09 20:00:00
2557,39.57,41.33,39.49,41.32,ok,1591833600,128912,THRM,2020-06-10 20:00:00
2558,40.08,42.5,38.96,41.14,ok,1591920000,104679,THRM,2020-06-11 20:00:00
2559,40.38,40.57,38.21,38.66,ok,1592179200,140585,THRM,2020-06-14 20:00:00
2560,40.43,42.385,40.2,41.61,ok,1592265600,122227,THRM,2020-06-15 20:00:00
2561,39.58,40.63,39.49,40.55,ok,1592352000,102462,THRM,2020-06-16 20:00:00
2562,39.57,39.8,39.19,39.27,ok,1592438400,79883,THRM,2020-06-17 20:00:00
2563,39.46,40.44,39.3,40.15,ok,1592524800,279745,THRM,2020-06-18 20:00:00
2564,39.9,40.76,39.04,39.66,ok,1592784000,149261,THRM,2020-06-21 20:00:00
2565,39.73,40.57,39.4,40.5,ok,1592870400,97406,THRM,2020-06-22 20:00:00
2566,38.14,39.47,38.05,39.24,ok,1592956800,109549,THRM,2020-06-23 20:00:00
2567,38.55,40.2,37.49,37.82,ok,1593043200,116786,THRM,2020-06-24 20:00:00
2568,36.88,38.24,36.83,38.24,ok,1593129600,329292,THRM,2020-06-25 20:00:00
2569,38.57,39.24,37.45,37.45,ok,1593388800,223636,THRM,2020-06-28 20:00:00
2570,38.9,39.29,38.28,38.41,ok,1593475200,139540,THRM,2020-06-29 20:00:00
2571,38.15,39.45,36.9201,38.83,ok,1593561600,241208,THRM,2020-06-30 20:00:00
2572,38.89,40.41,38.72,39.04,ok,1593648000,125599,THRM,2020-07-01 20:00:00
2573,38.88,40.21,38.48,39.67,ok,1593993600,118662,THRM,2020-07-05 20:00:00
2574,38.22,39.14,38.08,38.31,ok,1594080000,105129,THRM,2020-07-06 20:00:00
2575,38.04,38.49,37.22,38.1,ok,1594166400,120008,THRM,2020-07-07 20:00:00
2576,37.23,38.535,36.77,38.1,ok,1594252800,111480,THRM,2020-07-08 20:00:00
2577,38.08,38.17,37.08,37.35,ok,1594339200,69356,THRM,2020-07-09 20:00:00
2578,37.95,38.95,37.91,38.52,ok,1594598400,144967,THRM,2020-07-12 20:00:00
2579,38.94,38.94,37.82,38.17,ok,1594684800,87122,THRM,2020-07-13 20:00:00
2580,40.0,40.32,39.31,39.79,ok,1594771200,133222,THRM,2020-07-14 20:00:00
2581,40.03,40.11,39.25,39.82,ok,1594857600,74902,THRM,2020-07-15 20:00:00
2582,39.51,40.5775,39.36,39.76,ok,1594944000,103196,THRM,2020-07-16 20:00:00
2583,39.14,39.56,38.69,39.3,ok,1595203200,111092,THRM,2020-07-19 20:00:00
2584,39.96,40.63,39.48,39.73,ok,1595289600,149148,THRM,2020-07-20 20:00:00
2585,39.54,40.575,39.06,39.61,ok,1595376000,176362,THRM,2020-07-21 20:00:00
2586,39.9,40.18,39.29,39.54,ok,1595462400,100549,THRM,2020-07-22 20:00:00
2587,39.57,40.41,39.29,39.84,ok,1595548800,104703,THRM,2020-07-23 20:00:00
2588,40.08,40.15,39.37,39.58,ok,1595808000,125297,THRM,2020-07-26 20:00:00
2589,39.56,40.13,39.43,39.84,ok,1595894400,86983,THRM,2020-07-27 20:00:00
2590,40.33,40.38,39.61,39.7,ok,1595980800,86364,THRM,2020-07-28 20:00:00
2591,39.97,40.23,39.47,39.72,ok,1596067200,245759,THRM,2020-07-29 20:00:00
2592,38.77,39.8,38.19,39.8,ok,1596153600,165482,THRM,2020-07-30 20:00:00
2593,40.32,41.1,39.11,39.19,ok,1596412800,191601,THRM,2020-08-02 20:00:00
2594,39.87,41.15,39.46,41.15,ok,1596499200,182542,THRM,2020-08-03 20:00:00
2595,42.62,42.71,40.44,40.44,ok,1596585600,175368,THRM,2020-08-04 20:00:00
2596,42.24,42.78,42.14,42.49,ok,1596672000,136301,THRM,2020-08-05 20:00:00
2597,42.62,42.89,41.9,42.13,ok,1596758400,107347,THRM,2020-08-06 20:00:00
2598,43.18,43.57,42.62,42.85,ok,1597017600,127536,THRM,2020-08-09 20:00:00
2599,44.41,44.88,43.18,43.62,ok,1597104000,222368,THRM,2020-08-10 20:00:00
2600,44.6,45.11,44.045,45.11,ok,1597190400,113948,THRM,2020-08-11 20:00:00
2601,44.36,44.52,43.9123,44.5,ok,1597276800,105601,THRM,2020-08-12 20:00:00
2602,44.5,44.68,44.03,44.03,ok,1597363200,70508,THRM,2020-08-13 20:00:00
2603,44.0,44.43,43.91,44.43,ok,1597622400,74930,THRM,2020-08-16 20:00:00
2604,43.76,44.25,43.57,44.15,ok,1597708800,112603,THRM,2020-08-17 20:00:00
2605,43.55,44.04,43.395,43.9,ok,1597795200,96297,THRM,2020-08-18 20:00:00
2606,43.42,43.6,43.02,43.02,ok,1597881600,80645,THRM,2020-08-19 20:00:00
2607,43.39,43.46,42.98,43.19,ok,1597968000,83038,THRM,2020-08-20 20:00:00
2608,44.84,44.84,43.66,43.78,ok,1598227200,85373,THRM,2020-08-23 20:00:00
2609,44.67,45.51,44.31,45.0,ok,1598313600,120792,THRM,2020-08-24 20:00:00
2610,44.68,46.0,44.28,44.53,ok,1598400000,102436,THRM,2020-08-25 20:00:00
2611,45.16,45.48,44.4,45.01,ok,1598486400,109518,THRM,2020-08-26 20:00:00
2612,45.71,46.1,45.39,45.49,ok,1598572800,95002,THRM,2020-08-27 20:00:00
2613,45.23,45.7,45.04,45.7,ok,1598832000,148480,THRM,2020-08-30 20:00:00
2614,45.58,45.6,44.4,44.97,ok,1598918400,93069,THRM,2020-08-31 20:00:00
2615,47.14,47.17,45.6647,45.72,ok,1599004800,150305,THRM,2020-09-01 20:00:00
2616,45.12,46.92,45.01,46.92,ok,1599091200,138437,THRM,2020-09-02 20:00:00
2617,45.21,46.97,45.15,45.97,ok,1599177600,129933,THRM,2020-09-03 20:00:00
2618,43.61,44.84,43.61,44.385,ok,1599523200,139738,THRM,2020-09-07 20:00:00
2619,44.32,44.76,43.84,44.08,ok,1599609600,154333,THRM,2020-09-08 20:00:00
2620,43.08,44.69,42.93,44.44,ok,1599696000,144623,THRM,2020-09-09 20:00:00
2621,43.18,43.94,42.82,43.19,ok,1599782400,135430,THRM,2020-09-10 20:00:00
2622,44.16,44.35,43.49,43.5,ok,1600041600,186737,THRM,2020-09-13 20:00:00
2623,44.82,45.245,44.3,44.46,ok,1600128000,131808,THRM,2020-09-14 20:00:00
2624,44.28,45.23,44.15,45.23,ok,1600214400,186116,THRM,2020-09-15 20:00:00
2625,43.39,43.99,43.25,43.6,ok,1600300800,145956,THRM,2020-09-16 20:00:00
2626,42.46,44.08,42.29,43.78,ok,1600387200,525326,THRM,2020-09-17 20:00:00
2627,40.2,42.0,39.53,41.65,ok,1600646400,175084,THRM,2020-09-20 20:00:00
2628,40.27,40.6,39.74,40.45,ok,1600732800,101627,THRM,2020-09-21 20:00:00
2629,39.36,40.52,39.2,40.27,ok,1600819200,185275,THRM,2020-09-22 20:00:00
2630,39.62,40.47,38.99,39.31,ok,1600905600,133263,THRM,2020-09-23 20:00:00
2631,39.54,40.1,39.24,39.24,ok,1600992000,136616,THRM,2020-09-24 20:00:00
2632,41.05,41.29,40.16,40.16,ok,1601251200,168425,THRM,2020-09-27 20:00:00
2633,40.955,41.89,40.59,40.96,ok,1601337600,228062,THRM,2020-09-28 20:00:00
2634,40.9,41.4365,40.51,40.93,ok,1601424000,217798,THRM,2020-09-29 20:00:00
2635,41.87,41.87,41.01,41.15,ok,1601510400,177094,THRM,2020-09-30 20:00:00
2636,42.97,43.27,41.4,41.4,ok,1601596800,164703,THRM,2020-10-01 20:00:00
2637,44.59,44.64,43.37,43.37,ok,1601856000,115040,THRM,2020-10-04 20:00:00
2638,45.96,47.49,45.07,45.07,ok,1601942400,250167,THRM,2020-10-05 20:00:00
2639,46.49,47.45,45.795,46.39,ok,1602028800,184033,THRM,2020-10-06 20:00:00
2640,46.64,47.05,46.08,47.05,ok,1602115200,111006,THRM,2020-10-07 20:00:00
2641,46.84,47.48,46.65,46.97,ok,1602201600,88831,THRM,2020-10-08 20:00:00
2642,46.96,47.3,46.61,46.9,ok,1602460800,109242,THRM,2020-10-11 20:00:00
2643,46.33,47.12,44.75,46.6,ok,1602547200,90536,THRM,2020-10-12 20:00:00
2644,45.55,46.81,45.5,46.72,ok,1602633600,59243,THRM,2020-10-13 20:00:00
2645,46.37,46.4,44.88,44.88,ok,1602720000,99129,THRM,2020-10-14 20:00:00
2646,46.26,46.67,46.03,46.28,ok,1602806400,78015,THRM,2020-10-15 20:00:00
2647,45.4,46.46,45.38,46.46,ok,1603065600,85550,THRM,2020-10-18 20:00:00
2648,46.28,46.85,45.71,45.71,ok,1603152000,80182,THRM,2020-10-19 20:00:00
2649,46.18,46.875,46.18,46.875,ok,1603238400,73233,THRM,2020-10-20 20:00:00
2650,46.88,46.98,46.12,46.57,ok,1603324800,86319,THRM,2020-10-21 20:00:00
2651,47.0,47.35,46.76,47.3,ok,1603411200,60732,THRM,2020-10-22 20:00:00
2652,46.33,46.65,45.49,46.33,ok,1603670400,81942,THRM,2020-10-25 20:00:00
2653,45.44,46.65,45.265,46.12,ok,1603756800,86653,THRM,2020-10-26 20:00:00
2654,44.4,45.0925,44.1,44.46,ok,1603843200,156426,THRM,2020-10-27 20:00:00
2655,47.21,47.45,45.025,45.21,ok,1603929600,264752,THRM,2020-10-28 20:00:00
2656,46.29,47.61,45.81,47.61,ok,1604016000,159602,THRM,2020-10-29 20:00:00
2657,47.53,47.8,46.51,47.03,ok,1604275200,173048,THRM,2020-11-01 19:00:00
2658,49.24,49.43,47.46,47.98,ok,1604361600,133449,THRM,2020-11-02 19:00:00
2659,48.49,49.21,47.9267,48.25,ok,1604448000,75807,THRM,2020-11-03 19:00:00
2660,49.5,49.75,48.79,48.79,ok,1604534400,106071,THRM,2020-11-04 19:00:00
2661,48.97,49.98,48.67,49.85,ok,1604620800,113405,THRM,2020-11-05 19:00:00
2662,49.81,51.59,49.55,50.49,ok,1604880000,247475,THRM,2020-11-08 19:00:00
2663,53.35,53.385,49.4339,49.9,ok,1604966400,283363,THRM,2020-11-09 19:00:00
2664,52.58,52.97,51.94,52.95,ok,1605052800,175319,THRM,2020-11-10 19:00:00
2665,51.29,53.24,50.54,52.39,ok,1605139200,164120,THRM,2020-11-11 19:00:00
2666,52.0,52.5,51.0,51.75,ok,1605225600,164546,THRM,2020-11-12 19:00:00
2667,53.11,53.46,52.38,52.87,ok,1605484800,137324,THRM,2020-11-15 19:00:00
2668,54.2,54.34,51.77,52.78,ok,1605571200,133068,THRM,2020-11-16 19:00:00
2669,53.95,55.49,53.95,54.19,ok,1605657600,110071,THRM,2020-11-17 19:00:00
2670,52.68,53.68,51.66,53.68,ok,1605744000,111986,THRM,2020-11-18 19:00:00
2671,52.53,52.74,50.91,52.2,ok,1605830400,188391,THRM,2020-11-19 19:00:00
2672,55.17,55.62,52.2075,53.13,ok,1606089600,196930,THRM,2020-11-22 19:00:00
2673,56.84,57.81,55.4,56.14,ok,1606176000,271451,THRM,2020-11-23 19:00:00
2674,56.11,56.75,55.53,56.3,ok,1606262400,154432,THRM,2020-11-24 19:00:00
2675,56.98,57.01,55.85,55.85,ok,1606435200,75007,THRM,2020-11-26 19:00:00
2676,56.86,57.41,56.19,56.53,ok,1606694400,203685,THRM,2020-11-29 19:00:00
2677,57.61,58.0,56.74,57.37,ok,1606780800,144557,THRM,2020-11-30 19:00:00
2678,57.5,57.77,56.335,57.05,ok,1606867200,196206,THRM,2020-12-01 19:00:00
2679,58.85,59.305,57.12,57.48,ok,1606953600,129353,THRM,2020-12-02 19:00:00
2680,61.29,61.45,59.38,59.39,ok,1607040000,204298,THRM,2020-12-03 19:00:00
2681,61.43,62.33,60.72,62.02,ok,1607299200,398944,THRM,2020-12-06 19:00:00
2682,61.84,61.9,60.19,61.01,ok,1607385600,278836,THRM,2020-12-07 19:00:00
2683,62.32,63.61,61.74,62.99,ok,1607472000,247980,THRM,2020-12-08 19:00:00
2684,63.32,63.38,61.06,61.84,ok,1607558400,120252,THRM,2020-12-09 19:00:00
2685,62.97,63.48,60.2539,62.54,ok,1607644800,84297,THRM,2020-12-10 19:00:00
2686,63.78,64.36,61.85,63.54,ok,1607904000,141840,THRM,2020-12-13 19:00:00
2687,64.98,65.16,63.455,64.47,ok,1607990400,117100,THRM,2020-12-14 19:00:00
2688,64.25,65.16,63.595,65.16,ok,1608076800,125974,THRM,2020-12-15 19:00:00
2689,64.84,65.27,63.97,64.42,ok,1608163200,124019,THRM,2020-12-16 19:00:00
2690,65.14,66.215,64.41,64.95,ok,1608249600,572846,THRM,2020-12-17 19:00:00
2691,65.55,65.59,63.63,63.8,ok,1608508800,118448,THRM,2020-12-20 19:00:00
2692,67.74,67.89,65.49,65.95,ok,1608595200,141252,THRM,2020-12-21 19:00:00
2693,66.5,69.63,66.38,68.39,ok,1608681600,201207,THRM,2020-12-22 19:00:00
2694,66.01,66.86,65.2101,66.51,ok,1608768000,51924,THRM,2020-12-23 19:00:00
2695,64.92,67.88,64.66,67.01,ok,1609113600,239117,THRM,2020-12-27 19:00:00
2696,64.55,65.34,63.72,64.98,ok,1609200000,154817,THRM,2020-12-28 19:00:00
2697,64.54,65.32,64.2,64.78,ok,1609286400,298922,THRM,2020-12-29 19:00:00
2698,65.22,65.69,64.27,64.74,ok,1609372800,137700,THRM,2020-12-30 19:00:00
